Player,Mat,Inns,Runs,Wkts,BBI,Ave,Econ,SR,4,5
SL Malinga,79,79,2061,106,5/6,19.44,7.23,16.1,1,2
Shahid Afridi,99,97,2396,98,4/11,24.44,6.63,22.1,3,0
Shakib Al Hasan,76,75,1894,92,5/20,20.58,6.81,18.1,3,1
Saeed Ajmal,64,63,1516,85,4/19,17.83,6.36,16.8,4,0
Umar Gul,60,60,1443,85,5/6,16.97,7.19,14.1,4,2
Rashid Khan,45,45,1052,84,5/3,12.52,6.15,12.2,3,2
GH Dockrell,73,69,1539,75,4/20,20.52,6.95,17.7,1,0
TG Southee,66,64,1954,75,5/18,26.05,8.36,18.6,0,1
Mohammad Nabi,75,75,1839,69,4/10,26.65,7.16,22.3,3,0
KMDN Kulasekara,58,58,1530,66,4/31,23.18,7.45,18.6,2,0
BAW Mendis,39,39,952,66,6/8,14.42,6.45,13.4,3,2
SCJ Broad,56,55,1491,65,4/24,22.93,7.62,18,1,0
Imran Tahir,38,38,948,63,5/23,15.04,6.73,13.4,2,2
DW Steyn,44,44,1068,61,4/9,17.5,6.79,15.4,2,0
Mohammad Amir,48,48,1224,59,4/13,20.74,6.96,17.8,1,0
NL McCullum,63,59,1278,58,4/16,22.03,6.82,19.3,2,0
KJ O'Brien,90,51,1134,58,4/45,19.55,7.53,15.5,1,0
S Badree,52,52,1180,56,4/15,21.07,6.17,20.4,1,0
CJ Jordan,43,43,1300,54,4/6,24.07,8.58,16.8,2,0
Mohammad Hafeez,89,67,1226,54,4/10,22.7,6.58,20.6,1,0
Sohail Tanvir,57,57,1454,54,3/12,26.92,7.18,22.4,0,0
RE van der Merwe,43,42,938,54,4/35,17.37,6.28,16.5,1,0
WB Rankin,48,47,1138,53,3/16,21.47,6.69,19.2,0,0
PM Seelaar,69,58,1190,53,4/19,22.45,6.89,19.5,1,0
R Ashwin,46,46,1193,52,4/8,22.94,6.97,19.7,2,0
DJ Bravo,66,56,1470,52,4/28,28.26,8.46,20,2,0
YS Chahal,36,36,1139,52,6/25,21.9,8.1,16.2,2,1
Mustafizur Rahman,37,37,1065,52,5/22,20.48,7.87,15.5,1,1
SP Narine,51,49,1105,52,4/12,21.25,6.01,21.1,1,0
JJ Bumrah,42,42,1029,51,3/11,20.17,6.71,18,0,0
NLTC Perera,79,64,1628,51,3/24,31.92,9.26,20.6,0,0
GP Swann,39,38,859,51,3/13,16.84,6.36,15.8,0,0
MJ Santner,39,38,928,49,4/11,18.93,7.2,15.7,1,0
SM Sharif,42,41,1185,49,4/24,24.18,8.23,17.6,1,0
SR Watson,58,49,1187,48,4/15,24.72,7.65,19.3,1,0
M Morkel,44,44,1191,47,4/17,25.34,7.5,20.2,2,0
IS Sodhi,40,39,1131,47,3/18,24.06,8.16,17.6,0,0
PA van Meekeren,41,39,945,47,4/11,20.1,6.94,17.3,2,0
Shadab Khan,38,36,948,46,4/14,20.6,6.99,17.6,1,0
Bilal Khan,32,31,778,45,4/19,17.28,7,14.8,3,0
MRJ Watt,35,33,903,45,5/27,20.06,7.22,16.6,0,1
Abdur Razzak,34,33,838,44,4/16,19.04,6.88,16.5,1,0
Ahsan Malik,31,29,730,44,5/19,16.59,7.61,13,1,1
DJG Sammy,68,59,1116,44,5/26,25.36,7.31,20.8,1,1
Mudassar Bukhari,38,35,780,43,4/7,18.13,6.64,16.3,3,0
KD Mills,42,42,1228,43,3/26,28.55,8.21,20.8,0,0
Imad Wasim,41,40,877,42,5/14,20.88,5.96,21,1,1
Mashrafe Mortaza,54,53,1527,42,4/19,36.35,8.04,27.1,1,0
B Kumar,43,43,1088,41,5/24,26.53,7.04,22.5,0,1
WD Parnell,40,39,1038,41,4/13,25.31,8.31,18.2,1,0
KOK Williams,24,24,724,41,4/28,17.65,8.33,12.7,1,0
Al-Amin Hossain,28,26,673,40,3/20,16.82,7.36,13.7,0,0
Dawlat Zadran,34,34,980,40,4/44,24.5,7.93,18.5,1,0
T van der Gugten,39,38,847,40,3/9,21.17,7.12,17.8,0,0
TA Boult,27,27,854,39,4/34,21.89,8.64,15.2,1,0
JW Dernbach,34,33,1020,39,4/22,26.15,8.71,18,1,0
AU Rashid,40,38,1000,39,3/11,25.64,7.51,20.4,0,0
Rohan Mustafa,38,36,774,39,4/18,19.84,6.79,17.5,1,0
MA Starc,28,28,718,39,3/11,18.41,6.74,16.3,0,0
MG Johnson,30,30,797,38,3/15,20.97,7.28,17.2,0,0
HH Pandya,40,39,976,38,4/38,25.68,8.35,18.4,1,0
DL Vettori,34,34,748,38,4/20,19.68,5.7,20.7,1,0
J Botha,40,39,823,37,3/16,22.24,6.37,20.9,0,0
Kuldeep Yadav,19,19,499,37,5/24,13.48,6.97,11.5,1,1
AD Mathews,72,57,1101,37,3/16,29.75,6.81,26.1,0,0
Mohammad Naveed,31,31,729,37,3/14,19.7,6.35,18.5,0,0
AJ Tye,26,25,815,37,4/23,22.02,8.87,14.8,1,0
AC Evans,27,25,689,36,5/24,19.13,7.4,15.5,0,1
JP Faulkner,24,24,684,36,5/27,19,7.96,14.3,0,1
AG Cremer,29,28,660,35,3/11,18.85,6.94,16.2,0,0
AR Cusack,37,33,714,35,4/11,20.4,7.06,17.3,3,0
Hasan Ali,30,30,877,35,3/23,25.05,8.47,17.7,0,0
RA Jadeja,46,46,1093,35,3/48,31.22,7.18,26,0,0
SO Ngoche,28,28,637,35,4/14,18.2,6.77,16.1,2,0
Shapoor Zadran,34,34,843,35,3/40,24.08,7.81,18.4,0,0
N Vanua,25,25,505,35,5/17,14.42,6.18,14,1,1
Aizaz Khan,30,30,692,34,3/10,20.35,6.96,17.5,0,0
NM Coulter-Nile,28,27,802,34,4/31,23.58,8.26,17.1,1,0
CH Morris,23,23,697,34,4/27,20.5,8.39,14.6,1,0
A Nehra,27,27,758,34,3/19,22.29,7.73,17.2,0,0
DJ Willey,28,28,761,34,4/7,22.38,8.19,16.3,1,0
Amjad Javed,22,22,560,33,3/12,16.96,7.53,13.5,0,0
Karan KC,25,25,631,33,4/17,19.12,7.64,15,2,0
JE Taylor,30,30,863,33,3/6,26.15,8.63,18.1,0,0
PJ Cummins,25,25,644,32,3/15,20.12,6.77,17.8,0,0
Hamid Hassan,22,22,523,32,4/22,16.34,6.56,14.9,1,0
DT Johnston,30,28,636,32,4/22,19.87,6.42,18.5,1,0
SC Williams,38,37,890,32,3/15,27.81,7.23,23,0,0
CR Brathwaite,41,39,1013,31,3/20,32.67,8.57,22.8,0,0
Mahmudullah,83,54,861,31,3/18,27.77,7.3,22.8,0,0
CB Mpofu,30,30,950,31,4/30,30.64,8.8,20.8,1,0
SS Cottrell,22,22,615,30,4/28,20.5,8.09,15.2,1,0
MJ McClenaghan,29,29,789,30,3/17,26.3,7.78,20.2,0,0
Wahab Riaz,31,30,813,30,3/18,27.1,8,20.3,0,0
Amir Hamza,31,31,716,29,3/39,24.68,6.75,21.9,0,0
Khawar Ali,29,27,534,29,4/16,18.41,6.51,16.9,1,0
AL Phehlukwayo,23,22,550,29,4/24,18.96,7.87,14.4,1,0
R Rampaul,23,23,705,29,3/16,24.31,8.51,17.1,0,0
BD Glover,19,19,448,28,4/12,16,6.89,13.9,2,0
RM Haq,21,20,472,28,3/20,16.85,6.29,16,0,0
KM Jarvis,22,22,665,28,3/15,23.75,8.9,16,0,0
S Lamichhane,18,18,439,28,4/20,15.67,6.85,13.7,1,0
B Lee,25,25,714,28,3/23,25.5,7.86,19.4,0,0
DP Nannes,17,16,459,28,4/18,16.39,7.52,13,1,0
IK Pathan,24,23,618,28,3/16,22.07,8.02,16.5,0,0
KA Pollard,68,44,830,28,3/30,29.64,8.55,20.7,0,0
K Rabada,21,21,648,28,3/30,23.14,8.37,16.5,0,0
Rubel Hossain,27,26,879,28,3/31,31.39,9.3,20.2,0,0
Samiullah Shinwari,62,38,688,28,5/13,24.57,6.51,22.6,1,1
Shoaib Malik,111,46,644,28,2/7,23,7.15,19.2,0,0
SW Tait,21,21,589,28,3/13,21.03,7.39,17,0,0
Yuvraj Singh,58,31,499,28,3/17,17.82,7.06,15.1,0,0
A Zampa,27,26,572,28,3/14,20.42,6.15,19.9,0,0
MR Adair,17,17,413,27,4/40,15.29,6.57,13.9,1,0
HS Baidwan,17,17,411,27,4/19,15.22,7.63,11.9,1,0
RD Berrington,61,37,609,27,3/17,22.55,7.48,18,0,0
ST Finn,21,21,583,27,3/16,21.59,7.28,17.7,0,0
B Stanlake,19,19,544,27,4/8,20.14,7.77,15.5,1,0
KJ Abbott,21,21,579,26,3/20,22.26,7.96,16.7,0,0
Iqbal Hussain,15,15,426,26,4/33,16.38,8.16,12,1,0
GJ Maxwell,61,40,704,26,3/10,27.07,7.48,21.6,0,0
JA Morkel,50,46,864,26,3/12,33.23,8.01,24.8,0,0
Sompal Kami,28,28,644,26,3/23,24.76,7.15,20.7,0,0
MC Sorensen,26,22,471,26,3/17,18.11,7.24,15,0,0
P Utseya,35,35,858,26,3/25,33,6.87,28.8,0,0
SE Bond,20,20,543,25,3/18,21.72,7,18.6,0,0
TL Chatara,21,21,591,25,3/20,23.64,7.88,18,0,0
Harbhajan Singh,28,27,633,25,4/12,25.32,6.2,24.4,1,0
AF Milne,21,21,541,25,4/37,21.64,7.42,17.4,1,0
Nadeem Ahmed,24,24,546,25,4/21,21.84,6.61,19.8,1,0
LE Plunkett,22,22,627,25,3/21,25.08,7.9,19,0,0
B Regmi,18,18,405,25,4/16,16.2,6.51,14.9,1,0
AD Russell,47,40,908,25,2/10,36.32,9.15,23.8,0,0
SMSM Senanayake,24,23,549,25,4/46,21.96,6.77,19.4,1,0
DG Blampied,17,17,395,24,4/20,16.45,6.4,15.4,1,0
TT Bresnan,34,34,887,24,3/10,36.95,8.02,27.6,0,0
JH Davey,21,20,610,24,4/34,25.41,8.16,18.6,1,0
Faheem Ashraf,27,26,557,24,3/5,23.2,7.47,18.6,0,0
Haseeb Amjad,18,18,453,24,4/16,18.87,7.38,15.3,1,0
Karim Janat,21,21,614,24,5/11,25.58,8.41,18.2,0,1
N Nipiko,14,13,311,24,5/19,12.95,7.9,9.8,2,1
KMA Paul,18,18,540,24,5/15,22.5,8.3,16.2,0,1
RJ Peterson,21,19,451,24,3/28,18.79,7.53,14.9,0,0
D Ravu,17,16,221,24,5/15,9.2,5.24,10.5,1,1
D Wiese,20,20,497,24,5/23,20.7,7.6,16.3,0,1
IG Butler,19,18,481,23,3/19,20.91,8.06,15.5,0,0
CO Obuya,35,18,334,23,4/27,14.52,6.38,13.6,1,0
RJ Sidebottom,18,18,437,23,3/16,19,7.14,15.9,0,0
I Udana,27,26,725,23,3/11,31.52,8.51,22.2,0,0
CA Young,26,25,635,23,4/13,27.6,8.24,20,1,0
Aamir Kaleem,25,20,388,22,5/15,17.63,7.18,14.7,2,1
A Dananjaya,22,22,620,22,3/36,28.18,7.78,21.7,0,0
Mohammad Nadeem,22,22,445,22,4/23,20.22,6.54,18.5,1,0
MN Samuels,67,30,622,22,3/23,28.27,7.79,21.7,0,0
BM Scholtz,14,14,285,22,4/12,12.95,5.37,14.4,1,0
AC Botha,14,10,184,21,3/14,8.76,5.41,9.7,0,0
JP Duminy,81,41,599,21,3/18,28.52,7.76,22,0,0
JN Frylinck,14,13,240,21,4/21,11.42,5.69,12,1,0
Mohammad Sami,13,13,387,21,3/16,18.42,8.41,13.1,0,0
Abdul Razzaq,32,22,395,20,3/13,19.75,6.99,16.9,0,0
Ahmed Raza,36,35,779,20,2/18,38.95,6.47,36.1,0,0
DAJ Bracewell,18,16,437,20,3/25,21.85,9.16,14.3,0,0
JEC Franklin,38,26,417,20,4/15,20.85,7.65,16.3,1,0
FJ Klaassen,21,20,581,20,3/31,29.05,8.4,20.7,0,0
Mujeeb Ur Rahman,16,16,324,20,4/15,16.2,5.4,18,1,0
T Panyangara,14,14,398,20,4/37,19.9,7.88,15.1,1,0
CW Perchard,15,13,275,20,5/17,13.75,5.87,14,1,1
AM Phangiso,16,16,443,20,3/25,22.15,7.77,17.1,0,0
A Vala,26,16,249,20,3/7,12.45,5.55,13.4,0,0
C Viljoen,12,12,236,20,5/9,11.8,6.34,11.1,1,1
Zahoor Khan,18,18,442,20,2/17,22.1,7.42,17.8,0,0
CJA Amini,23,21,367,19,2/13,19.31,5.81,19.9,0,0
Amjad Mahboob,11,11,317,19,3/20,16.68,8.41,11.8,0,0
NW Bracken,19,19,438,19,3/11,23.05,6.97,19.8,0,0
D Heyliger,11,11,306,19,4/16,16.1,7.28,13.2,2,0
DJ Hussey,39,25,392,19,3/25,20.63,6.51,19,0,0
ST Jayasuriya,31,24,456,19,3/21,24,7.37,19.5,0,0
JDP Oram,36,32,793,19,3/33,41.73,8.71,28.7,0,0
N Pokana,19,18,328,19,3/21,17.26,5.77,17.9,0,0
Shoaib Akhtar,15,15,432,19,3/38,22.73,8.15,16.7,0,0
Tanwir Afzal,21,21,509,19,2/8,26.78,7.16,22.4,0,0
JM Anderson,19,19,552,18,3/23,30.66,7.84,23.4,0,0
SJ Benn,24,24,606,18,4/6,33.66,7.21,28,1,0
PW Borren,43,30,603,18,2/19,33.5,6.87,29.2,0,0
Fareed Ahmad,14,14,405,18,3/35,22.5,8.46,15.9,0,0
CRD Fernando,18,18,464,18,3/19,25.77,7.36,21,0,0
Hamza Tahir,11,11,352,18,4/30,19.55,8.18,14.3,1,0
BE Hendricks,11,11,317,18,4/14,17.61,8.3,12.7,1,0
HMRKB Herath,17,17,373,18,5/3,20.72,6.13,20.2,0,1
Izatullah Dawlatzai,14,14,345,18,3/23,19.16,6.8,16.8,0,0
MA Leask,31,22,499,18,3/20,27.72,8.38,19.8,0,0
Nouman Sarwar,14,13,267,18,4/14,14.83,7.66,11.6,1,0
K Santokie,12,12,278,18,4/21,15.44,6.8,13.6,1,0
SB Styris,31,21,349,18,3/5,19.38,6.77,17.1,0,0
SR Thompson,41,30,670,18,4/18,37.22,8.48,26.3,1,0
LL Tsotsobe,23,23,541,18,3/16,30.05,6.93,26,0,0
HA Varaiya,25,24,461,18,2/10,25.61,5.96,25.7,0,0
LJ Wright,51,23,465,18,2/24,25.83,8.45,18.3,0,0
Zeeshan Maqsood,29,19,416,18,4/7,23.11,6.7,20.6,1,0
AC Agar,21,21,464,17,3/27,27.29,6.92,23.6,0,0
DL Chahar,10,10,251,17,6/7,14.76,7,12.6,0,1
AB Dinda,9,9,245,17,4/19,14.41,8.16,10.5,1,0
CH Gayle,58,23,377,17,2/15,22.17,7.09,18.7,0,0
Z Khan,17,17,448,17,4/19,26.35,7.63,20.7,1,0
CK Langeveldt,9,9,241,17,4/19,14.17,7.3,11.6,1,0
R McLaren,12,12,332,17,5/19,19.52,7.57,15.4,0,1
EJB Miles,14,14,266,17,3/10,15.64,6.65,14.1,0,0
KW Richardson,15,15,447,17,3/18,26.29,7.98,19.7,0,0
Saad Bin Zafar,11,11,285,17,3/8,16.76,6.62,15.1,0,0
SPD Smith,36,17,377,17,3/20,22.17,7.77,17.1,0,0
A Bohara,17,16,350,16,4/35,21.87,6.48,20.2,1,0
RS Bopara,38,21,387,16,4/10,24.18,7.21,20.1,1,0
PVD Chameera,19,19,574,16,3/30,35.87,8.54,25.1,0,0
E Chigumbura,54,21,427,16,4/31,26.68,9.28,17.2,1,0
PD Collingwood,36,20,347,16,4/22,21.68,8.89,14.6,1,0
TK Curran,15,15,418,16,4/36,26.12,8.7,18,1,0
GJ Delany,17,17,391,16,2/23,24.43,7.37,19.8,0,0
GD Drummond,17,17,381,16,3/20,23.81,6.92,20.6,0,0
FH Edwards,20,20,497,16,3/23,31.06,8.28,22.5,0,0
Gulbadin Naib,45,28,560,16,2/24,35,8.23,25.5,0,0
A Mishra,10,10,240,16,3/24,15,6.31,14.2,0,0
Mohammad Irfan,22,22,562,16,2/18,35.12,7.44,28.3,0,0
NN Odhiambo,24,21,468,16,5/20,29.25,8.33,21,0,1
JS Patel,11,10,269,16,3/20,16.81,8.11,12.4,0,0
Shafiul Islam,17,17,459,16,3/36,28.68,8.1,21.2,0,0
JJ Smit,12,10,234,16,3/19,14.62,6.29,13.9,0,0
PR Stirling,72,33,600,16,3/21,37.5,7.69,29.2,0,0
Yasir Arafat,13,13,316,16,3/18,19.75,8.03,14.7,0,0
RG Aga,20,19,306,15,3/24,20.4,6.37,19.2,0,0
MM Ali,25,22,519,15,2/21,34.6,8.6,24.1,0,0
PKD Chase,12,12,416,15,4/35,27.73,9.94,16.7,1,0
N Pradeep,14,14,407,15,4/25,27.13,9.21,17.6,1,0
Janak Prakash,12,12,309,15,3/15,20.6,7.41,16.6,0,0
SM Pollock,12,11,309,15,3/28,20.6,7.62,16.2,0,0
MJG Rippon,18,17,310,15,3/8,20.66,6.11,20.2,0,0
Simi Singh,18,18,344,15,3/15,22.93,7.93,17.3,0,0
RP Singh,10,9,225,15,4/13,15,6.81,13.2,1,0
Sultan Ahmed,17,17,365,15,3/33,24.33,6.63,22,0,0
Washington Sundar,18,18,417,15,3/22,27.8,6.61,25.2,0,0
Ahmed Wardak,9,8,170,14,4/20,12.14,6.1,11.9,1,0
CJ Anderson,31,21,495,14,2/17,35.35,8.25,25.7,0,0
CJ Chibhabha,33,22,455,14,3/18,32.5,8.45,23,0,0
Ehsan Khan,15,15,325,14,3/32,23.21,5.94,23.4,0,0
GD Elliott,17,15,235,14,4/22,16.78,7.34,13.7,1,0
LH Ferguson,8,8,222,14,3/21,15.85,7.16,13.2,0,0
AW Hawkins-Kay,16,15,266,14,4/14,19,7.38,15.4,1,0
Karim Sadiq,36,28,482,14,3/17,34.42,6.88,30,0,0
Mirwais Ashraf,25,22,444,14,2/6,31.71,6.79,28,0,0
E Otieno,18,18,370,14,3/16,26.42,7.27,21.7,0,0
KH Pandya,18,18,538,14,4/36,38.42,8.11,28.4,1,0
Sami Sohail,7,7,164,14,4/18,11.71,6.3,11.1,1,0
Shaheen Shah Afridi,10,10,288,14,3/20,20.57,7.57,16.2,0,0
CA Soper,13,12,153,14,3/13,10.92,4.63,14.1,0,0
MR Swart,26,20,351,14,2/8,25.07,6.62,22.7,0,0
JD Unadkat,10,10,301,14,3/38,21.5,8.68,14.8,0,0
KK Ahmed,14,14,459,13,2/27,35.3,8.82,24,0,0
SR Clark,9,9,237,13,4/20,18.23,6.58,16.6,1,0
CJ Dala,9,9,282,13,3/35,21.69,9.4,13.8,0,0
Fitri Sham,15,14,312,13,3/26,24,7.34,19.6,0,0
JO Holder,17,17,524,13,2/23,40.3,8.42,28.6,0,0
JK Kamande,12,10,212,13,3/28,16.3,6.17,15.8,0,0
AR McBrine,19,13,216,13,2/7,16.61,7.44,13.3,0,0
A Mansale,14,10,176,13,3/13,13.53,6.76,12,0,0
Mohammad Asif,11,11,343,13,4/18,26.38,8,19.7,1,0
Mohammad Shahzad,20,19,411,13,3/34,31.61,8.53,22.2,0,0
M Muralitharan,12,12,297,13,3/29,22.84,6.31,21.6,0,0
TJ Murtagh,14,14,324,13,3/23,24.92,7.25,20.6,0,0
JDS Neesham,18,16,323,13,3/16,24.84,8.57,17.3,0,0
GH O'Brien,11,11,232,13,2/11,17.84,6.02,17.7,0,0
YK Pathan,22,17,438,13,2/22,33.69,8.61,23.4,0,0
Pavandeep Singh,10,10,249,13,3/12,19.15,7.08,16.2,0,0
RW Price,16,16,378,13,2/6,29.07,6.14,28.3,0,0
SK Raina,78,27,442,13,2/6,34,7.59,26.8,0,0
PADLR Sandakan,14,14,400,13,4/23,30.76,7.27,25.3,1,0
S Snater,13,12,337,13,3/42,25.92,9.67,16,0,0
Tamoor Sajjad,12,12,309,13,3/11,23.76,7.13,20,0,0
RN ten Doeschate,22,10,245,13,3/23,18.84,7,16.1,0,0
Usman Shinwari,16,16,424,13,3/31,32.61,8.31,23.5,0,0
Arafat Sunny,10,10,230,12,2/17,19.16,7.41,15.5,0,0
Baljit Singh,8,7,127,12,4/20,10.58,5.52,11.5,1,0
TS Chisoro,12,12,316,12,3/17,26.33,6.86,23,0,0
PWH de Silva,8,8,204,12,3/21,17,7.94,12.8,0,0
GDR Eranga,9,9,204,12,3/19,17,6.4,15.9,0,0
MG Erasmus,16,10,171,12,3/12,14.25,5.31,16,0,0
Ibrahim Hassan,11,11,291,12,5/24,24.25,8.12,17.9,0,1
JH Kallis,25,19,333,12,4/15,27.75,7.23,23,1,0
LC Le Tissier,9,9,207,12,3/17,17.25,5.91,17.5,0,0
N Madziva,15,15,417,12,4/34,34.75,8.9,23.4,1,0
WP Masakadza,12,12,312,12,4/28,26,7.8,20,1,0
AD Mascarenhas,14,14,309,12,3/18,25.75,7.35,21,0,0
BMAJ Mendis,22,14,249,12,3/24,20.75,7.11,17.5,0,0
Mohammad Nawaz,16,16,340,12,2/11,28.33,6.8,25,0,0
Mohammad Saifuddin,13,13,386,12,4/33,32.16,8.97,21.5,1,0
Muhammad Kashif,10,9,212,12,3/30,17.66,7.85,13.5,0,0
J Mulder,8,8,192,12,4/16,16,6.62,14.5,1,0
JD Nel,10,9,169,12,3/10,14.08,5.45,15.5,0,0
T Shamsi,16,16,429,12,2/16,35.75,7.52,28.5,0,0
BDH Stevens,17,14,249,12,3/17,20.75,6.17,20.1,0,0
Taskin Ahmed,19,17,438,12,2/32,36.5,7.84,27.9,0,0
J Theron,9,9,261,12,4/27,21.75,8.07,16.1,1,0
SO Tikolo,15,10,168,12,4/2,14,5.92,14.1,1,0
Umar Adam,11,8,168,12,3/17,14,6.22,13.5,0,0
S Vijayakumar,9,9,204,12,4/25,17,7.28,14,1,0
Zulfiqar Babar,7,7,185,12,3/23,15.41,7.11,13,0,0
Abdur Rehman,8,8,192,11,2/7,17.45,7.38,14.1,0,0
Aftab Alam,12,12,324,11,2/23,29.45,7.93,22.2,0,0
Anwar Rahman,9,8,117,11,4/16,10.63,4.97,12.8,1,0
MA Baig,7,7,160,11,4/20,14.54,6.15,14.1,1,0
RP Burl,16,15,279,11,3/24,25.36,8.45,18,0,0
DT Christian,16,16,317,11,3/27,28.81,8.92,19.3,0,0
N Dutta,11,11,253,11,2/12,23,6.48,21.2,0,0
Irfan Ahmed,8,8,190,11,3/11,17.27,7.03,14.7,0,0
D Maisuria,6,5,121,11,4/28,11,7.04,9.3,1,0
NO Miller,9,9,224,11,2/20,20.36,7.07,17.2,0,0
Mohammed Nadeem,15,15,364,11,3/23,33.09,7,28.3,0,0
Muhamad Syahadat,10,8,127,11,3/7,11.54,6.04,11.4,0,0
L Ngidi,7,7,128,11,4/19,11.63,6.4,10.9,1,0
SH Obed,12,9,190,11,3/23,17.27,6.78,15.2,0,0
NM Odhiambo,16,14,319,11,3/30,29,7.78,22.3,0,0
TM Odoyo,11,10,170,11,3/17,15.45,4.72,19.6,0,0
TK Patel,7,6,146,11,4/27,13.27,6.63,12,1,0
Sikandar Raza,32,22,376,11,2/7,34.18,8.17,25,0,0
DT Tiripano,10,10,278,11,3/20,25.27,8.05,18.8,0,0
MA Wood,5,5,148,11,3/9,13.45,8.45,9.5,0,0
MH Yardy,14,13,299,11,2/19,27.18,6.5,25,0,0
Anwar Ali,16,15,367,10,2/27,36.7,8.3,26.5,0,0
P Arrighi,5,5,84,10,5/4,8.4,4.42,11.4,0,1
Awais Malik,11,11,279,10,3/19,27.9,8.45,19.8,0,0
L Balaji,5,5,121,10,3/19,12.1,7.56,9.6,0,0
K Christie,11,11,292,10,2/23,29.2,7.48,23.4,0,0
PC Connell,9,8,156,10,3/8,15.6,6.11,15.3,0,0
C de Grandhomme,33,18,432,10,2/22,43.2,9.03,28.7,0,0
XJ Doherty,11,11,300,10,3/20,30,7.89,22.8,0,0
Fayyaz Butt,14,14,313,10,3/16,31.3,7.19,26.1,0,0
MR Gillespie,11,10,255,10,4/7,25.5,7.28,21,1,0
RM Hira,15,13,337,10,2/42,33.7,7.96,25.4,0,0
JR Hopes,12,12,283,10,2/26,28.3,7.64,22.2,0,0
Junaid Siddiqui,13,13,266,10,3/10,26.6,5.91,27,0,0
BJ McCarthy,6,6,259,10,4/33,25.9,10.79,14.4,1,0
Mohammed Shami,8,8,275,10,3/38,27.5,9.93,16.6,0,0
JF Mooney,27,10,176,10,2/7,17.6,6.76,15.6,0,0
PP Ojha,6,6,132,10,4/21,13.2,6.28,12.6,1,0
LN Oluoch,10,10,209,10,3/22,20.9,7.2,17.4,0,0
H Osinde,11,11,250,10,3/36,25,7.14,21,0,0
S Prasanna,20,18,359,10,2/45,35.9,7.18,30,0,0
LN Rajbanshi,12,12,231,10,3/6,23.1,6.02,23,0,0
CAK Rajitha,10,10,358,10,3/29,35.8,9.67,22.2,0,0
SHA Rance,8,7,245,10,3/26,24.5,9.07,16.2,0,0
Raza Hasan,10,10,219,10,2/14,21.9,5.76,22.8,0,0
KAJ Roach,11,11,284,10,2/25,28.4,7.28,23.4,0,0
MD Shanaka,35,14,182,10,3/16,18.2,7.53,14.5,0,0
BA Stokes,23,18,496,10,3/26,49.6,8.91,33.4,0,0
R Vinay Kumar,9,9,247,10,3/24,24.7,7.84,18.9,0,0
HR Walsh,13,11,257,10,2/21,25.7,7.82,19.7,0,0
B Ward,13,13,249,10,3/19,24.9,6.33,23.6,0,0
FA Allen,11,10,214,9,2/19,23.77,6.9,20.6,0,0
Atif Mehmood,9,9,154,9,2/14,17.11,5.7,18,0,0
Bilal Zalmai,5,4,67,9,4/12,7.44,4.78,9.3,1,0
DE Bollinger,9,9,249,9,1/22,27.66,7.11,23.3,0,0
TM Dilshan,80,25,313,9,2/4,34.77,7.27,28.6,0,0
Elias Sunny,7,7,146,9,5/13,16.22,6.34,15.3,0,1
OD Hald,9,7,113,9,3/18,12.55,5.25,14.3,0,0
PD Hennessy,8,5,86,9,3/27,9.55,7.16,8,0,0
BW Hilfenhaus,7,7,161,9,2/15,17.88,6.19,17.3,0,0
DR Hooper,9,9,211,9,3/5,23.44,6.73,20.8,0,0
Ilyas Ahmed,6,6,160,9,3/17,17.77,7.61,14,0,0
TE Kane,7,5,143,9,3/19,15.88,9.32,10.2,0,0
RK Kleinveldt,6,6,173,9,3/18,19.22,8.5,13.5,0,0
ND Laegsgaard,9,7,105,9,2/5,11.66,4.56,15.3,0,0
KS Leverock,12,8,210,9,3/19,23.33,8.07,17.3,0,0
PK Matautaava,10,8,199,9,2/9,22.11,7.1,18.6,0,0
Md Nurul Huda,5,5,118,9,3/11,13.11,7.15,11,0,0
Mehran Khan,19,11,222,9,3/18,24.66,7.16,20.6,0,0
GRD Munasinghe,8,7,191,9,4/11,21.22,7.07,18,1,0
S Muniandy,15,12,260,9,2/5,28.88,8.66,20,0,0
B Muzarabani,6,6,220,9,3/21,24.44,9.16,16,0,0
A Neill,5,5,154,9,3/21,17.11,7.7,13.3,0,0
AR Patel,11,11,265,9,3/17,29.44,6.79,26,0,0
D Paterson,8,8,265,9,4/32,29.44,8.88,19.8,1,0
WA Peatfield,8,8,198,9,3/23,22,7.07,18.6,0,0
Qadeer Ahmed,10,10,253,9,2/18,28.11,7.9,21.3,0,0
JA Richardson,9,9,287,9,2/32,31.88,8.44,22.6,0,0
Rizwan Cheema,24,15,382,9,2/19,42.44,7.64,33.3,0,0
JRMVB Sanjaya,8,8,250,9,2/20,27.77,8.67,19.2,0,0
L Siaka,26,5,56,9,3/16,6.22,4.66,8,0,0
MP Stoinis,19,15,319,9,2/27,35.44,8.32,25.5,0,0
O Thomas,10,10,326,9,2/21,36.22,8.81,24.6,0,0
I Wardlaw,4,4,145,9,3/40,16.11,9.06,10.6,0,0
CG Williams,13,10,142,9,3/9,15.77,6.17,15.3,0,0
UT Yadav,7,7,219,9,2/19,24.33,8.76,16.6,0,0
Aizaz Cheema,5,5,116,8,4/30,14.5,6.82,12.7,1,0
M Ansari,11,10,334,8,3/37,41.75,8.82,28.3,0,0
OGL Bascome,11,6,117,8,4/10,14.62,7.71,11.3,1,0
U Bhatti,7,7,148,8,3/23,18.5,6.43,17.2,0,0
CJ Boyce,7,7,152,8,2/10,19,6.6,17.2,0,0
CD de Lange,8,7,171,8,2/17,21.37,6.33,20.2,0,0
DC Delany,8,8,222,8,2/12,27.75,7.78,21.3,0,0
Faran Afzal,9,8,143,8,3/11,17.87,4.93,21.7,0,0
Fawad Alam,24,6,95,8,3/7,11.87,6.33,11.2,0,0
H Fennell,5,5,57,8,4/12,7.12,4.75,9,1,0
SP Gauchan,9,8,169,8,3/9,21.12,5.63,22.5,0,0
SC Getkate,14,14,323,8,2/15,40.37,9.22,26.2,0,0
JOA Gordon,7,7,184,8,3/14,23,7.12,19.3,0,0
K Gore,4,4,70,8,3/5,8.75,4.37,12,0,0
H Gori,7,7,133,8,3/13,16.62,5.78,17.2,0,0
Z Groenewald,10,10,163,8,3/20,20.37,5.82,21,0,0
JR Hazlewood,7,7,269,8,4/30,33.62,9.6,21,1,0
L Hermida,5,5,94,8,3/20,11.75,5.22,13.5,0,0
Inam-ul-Haq,11,10,211,8,2/23,26.37,6.8,23.2,0,0
Junaid Khan,9,9,236,8,3/24,29.5,8.74,20.2,0,0
P Khadka,30,23,323,8,2/11,40.37,6.33,38.2,0,0
P Kumar,10,10,193,8,2/14,24.12,7.42,19.5,0,0
RAS Lakmal,11,11,330,8,2/26,41.25,9.51,26,0,0
AV Lalcheta,17,15,374,8,1/13,46.75,7.26,38.6,0,0
WK McCallan,9,7,152,8,2/26,19,6.96,16.3,0,0
Mohammad Ashraful,23,8,210,8,3/42,26.25,9.13,17.2,0,0
Mohamed Mahfooz,11,11,262,8,2/20,32.75,6.92,28.3,0,0
GBW Munaweera,5,5,132,8,2/18,16.5,7.33,13.5,0,0
AK Muslar,3,3,41,8,3/10,5.12,4.55,6.7,0,0
Nasrulla Rana,8,8,162,8,3/25,20.25,7.9,15.3,0,0
Nazmul Islam,13,12,265,8,3/28,33.12,6.88,28.8,0,0
AR Nurse,13,13,318,8,2/6,39.75,7.95,30,0,0
Rakibul Hasan,8,7,147,8,2/20,18.37,6.39,17.2,0,0
Rumman Raees,8,8,220,8,2/24,27.5,7.63,21.6,0,0
R Satheesan,4,4,44,8,3/14,5.5,3.38,9.7,0,0
I Sharma,14,14,400,8,2/34,50,8.63,34.7,0,0
TAM Siriwardana,22,13,206,8,2/17,25.75,8.95,17.2,0,0
A Symonds,14,12,277,8,2/14,34.62,8.98,23.1,0,0
P Taylor,7,6,144,8,4/28,18,8,13.5,1,0
SN Thakur,7,7,242,8,4/27,30.25,8.8,20.6,1,0
RJ Trott,15,13,277,8,2/15,34.62,7.19,28.8,0,0
R van der Merwe,5,5,62,8,3/9,7.75,4.76,9.7,0,0
JJ van der Wath,8,8,231,8,2/31,28.87,7.45,23.2,0,0
TC Vine,6,6,105,8,4/28,13.12,7,11.2,1,0
C Waiswa,4,4,115,8,4/38,14.37,8.21,10.5,1,0
Waqar Khan,4,4,86,8,3/21,10.75,6.61,9.7,0,0
Abdul-Shakoor Rahimzei,7,6,101,7,2/10,14.42,6.51,13.2,0,0
Bashir Shah,4,4,76,7,3/14,10.85,5.42,12,0,0
JP Behrendorff,7,6,117,7,4/21,16.71,7.31,13.7,1,0
D Bishoo,7,7,137,7,4/17,19.57,6.79,17.2,1,0
M de Lange,6,6,228,7,2/26,32.57,9.77,20,0,0
Delawar Khan,9,7,129,7,2/21,18.42,6.45,17.1,0,0
JL Denly,10,5,85,7,4/19,12.14,7.72,9.4,1,0
G Goudie,9,9,224,7,3/22,32,9.02,21.2,0,0
Habib Ahmadzai,5,5,96,7,4/12,13.71,6.85,12,1,0
AS Hansra,8,6,94,7,2/13,13.42,6.26,12.8,0,0
JW Hastings,9,9,247,7,3/14,35.28,7.96,26.5,0,0
MJ Henry,6,6,191,7,3/44,27.28,8.68,18.8,0,0
Hirenkumar Patel,4,4,82,7,4/21,11.71,5.46,12.8,1,0
GB Hogg,15,15,373,7,2/31,53.28,7.61,42,0,0
Ibrarul Haq,5,5,116,7,3/28,16.57,6.82,14.5,0,0
Imran Ali,4,4,136,7,3/16,19.42,9.06,12.8,0,0
Imran Haider,11,11,250,7,1/16,35.71,8.06,26.5,0,0
Jasdeep Singh,4,4,140,7,2/18,20,10,12,0,0
LM Jongwe,8,7,211,7,2/24,30.14,9.89,18.2,0,0
Junaid Siddique,8,8,179,7,2/34,25.57,6.79,22.5,0,0
S Randiv,7,7,139,7,3/20,19.85,6.61,18,0,0
NR Kumar,18,10,160,7,2/18,22.85,6.15,22.2,0,0
JB Little,11,11,367,7,2/20,52.42,9.02,34.8,0,0
MF Maharoof,8,8,199,7,2/18,28.42,7.37,23.1,0,0
NA Maiolo,8,7,152,7,2/8,21.71,5.42,24,0,0
CS Martin,6,6,193,7,2/14,27.57,8.39,19.7,0,0
ZE Matsinhe,7,5,101,7,3/27,14.42,6.31,13.7,0,0
Muslim Yar,7,7,119,7,2/17,17,6.26,16.2,0,0
CT Mutombodzi,13,9,188,7,2/12,26.85,7.23,22.2,0,0
A Nanda,3,3,47,7,5/6,6.71,6.4,6.2,0,1
Nasir Hossain,31,11,262,7,2/26,37.42,8.78,25.5,0,0
Naveen-ul-Haq,4,4,102,7,3/24,14.57,6.8,12.8,0,0
R Panchal,9,9,139,7,3/22,19.85,4.96,24,0,0
SR Patel,18,15,321,7,2/6,45.85,7.64,36,0,0
A Rangaswamy,4,4,83,7,4/21,11.85,8.58,8.2,1,0
JB Reva,9,8,148,7,2/11,21.14,6.99,18.1,0,0
MJ Ross,8,7,120,7,4/15,17.14,6.31,16.2,1,0
Sayed Shirzad,4,4,116,7,3/16,16.57,7.73,12.8,0,0
B Shikongo,11,10,131,7,2/4,18.71,5.69,19.7,0,0
DR Smith,33,11,212,7,3/24,30.28,8.95,20.2,0,0
M Spry,4,4,62,7,4/8,8.85,6.2,8.5,1,0
S Sreesanth,10,9,288,7,2/12,41.14,8.47,29.1,0,0
JTS Sumerauer,8,8,155,7,2/10,22.14,7.68,17.2,0,0
T Thushara,6,6,179,7,2/37,25.57,8.13,18.8,0,0
JC Tredwell,17,15,416,7,1/16,59.42,7.87,45.2,0,0
BM Wheeler,6,6,216,7,2/16,30.85,10.12,18.2,0,0
CR Woakes,8,8,253,7,2/40,36.14,9.37,23.1,0,0
M Abdulla,5,3,76,6,3/25,12.66,6.33,12,0,0
Abdullah Akbarjan,5,4,72,6,3/20,12,5.53,13,0,0
IKO Aboagye,4,4,83,6,3/26,13.83,5.92,14,0,0
Abu Hider,13,12,330,6,2/40,55,9.16,36,0,0
VD Adewoye,7,7,135,6,4/18,22.5,8.26,16.3,1,0
CM Akachukwu,8,8,151,6,2/34,25.16,8.23,18.3,0,0
Aminul Islam,4,4,98,6,2/18,16.33,7,14,0,0
Amir Hayat,4,4,103,6,2/16,17.16,7.35,14,0,0
WD Balaji Rao,4,4,107,6,3/21,17.83,7.64,14,0,0
TL Best,6,6,154,6,3/18,25.66,7.7,20,0,0
JAR Blain,6,5,108,6,2/23,18,5.4,20,0,0
NM Carter,7,7,168,6,2/27,28,6.46,26,0,0
JW Chilia,14,13,315,6,1/21,52.5,6.65,47.3,0,0
MJ Clarke,34,15,225,6,1/2,37.5,8.65,26,0,0
MNR Cooray,4,4,99,6,3/26,16.5,6.18,16,0,0
SM Curran,5,5,153,6,2/22,25.5,8.5,18,0,0
F Damiao Couana,7,5,118,6,3/10,19.66,6.26,18.8,0,0
S Davizi,2,2,23,6,4/15,3.83,5.3,4.3,1,0
S Dhaniram,11,11,192,6,2/9,32,5.7,33.6,0,0
M Faheem,4,4,103,6,2/20,17.16,7.35,14,0,0
Farhad Reza,13,11,261,6,2/34,43.5,10.03,26,0,0
S Hirugade,6,5,92,6,4/16,15.33,6.81,13.5,1,0
Irfan Bhima,4,4,51,6,3/14,8.5,3.4,15,0,0
S Kaveri,7,5,70,6,2/10,11.66,5.38,13,0,0
MR Marsh,11,9,156,6,2/6,26,8.21,19,0,0
JL Martel,3,3,59,6,3/15,9.83,5.36,11,0,0
CAJ Meschede,5,5,115,6,2/11,19.16,5.75,20,0,0
M Mooketsi,7,7,197,6,2/31,32.83,7.88,25,0,0
A Morris,6,6,114,6,2/17,19,5.18,22,0,0
JM Muirhead,5,5,109,6,2/13,18.16,7.26,15,0,0
T Muzarabani,9,9,280,6,2/31,46.66,9.33,30,0,0
M Ntini,10,10,298,6,2/22,49.66,9.31,32,0,0
IE O'Brien,4,4,116,6,2/30,19.33,8.92,13,0,0
SNJ O'Keefe,7,7,149,6,3/29,24.83,7.84,19,0,0
IO Okpe,8,8,188,6,2/17,31.33,9.02,20.8,0,0
SA Okpe,8,7,94,6,2/22,15.66,7.62,12.3,0,0
BA Pai,4,4,82,6,3/14,13.66,5.46,15,0,0
KA Reynolds,3,3,60,6,3/26,10,5.45,11,0,0
Rokhan Barakzai,3,3,75,6,2/21,12.5,7.5,10,0,0
JE Root,32,9,139,6,2/9,23.16,9.92,14,0,0
Sabbir Rahman,44,8,70,6,3/11,11.66,6.26,11.1,0,0
Sagar Pun,9,8,131,6,3/26,21.83,5.57,23.5,0,0
NA Saini,5,5,137,6,3/17,22.83,8.05,17,0,0
E Schiferli,7,6,146,6,3/23,24.33,6.34,23,0,0
PH Shamdasani,4,4,70,6,2/8,11.66,5.83,12,0,0
MM Sharma,8,8,185,6,2/28,30.83,8.04,23,0,0
Shoaib Qureshi,5,5,109,6,2/22,18.16,7.97,13.6,0,0
Sidhant Singh,8,8,216,6,2/27,36,9.39,23,0,0
LMP Simmons,49,3,55,6,4/19,9.16,9.16,6,1,0
TB Sole,9,6,137,6,2/15,22.83,6.52,21,0,0
Soumya Sarkar,46,13,249,6,2/29,41.5,10.59,23.5,0,0
BB Sran,2,2,41,6,4/10,6.83,5.12,8,1,0
Tariq Aziz,4,4,70,6,3/20,11.66,4.37,16,0,0
WPUJC Vaas,6,6,128,6,2/14,21.33,5.81,22,0,0
JDF Vandersay,10,10,262,6,2/26,43.66,7.48,35,0,0
Waheed Ahmed,10,10,198,6,3/21,33,7.33,27,0,0
KS Williamson,57,12,164,6,2/16,27.33,8.33,19.6,0,0
Zeshan Arif,4,3,49,6,4/10,8.16,6.25,7.8,1,0
Abdul Wahid,5,5,117,5,2/21,23.4,6.88,20.4,0,0
CN Ackermann,11,10,147,5,1/6,29.4,5.88,30,0,0
Ameel Mauroof,10,10,173,5,2/13,34.6,7.52,27.6,0,0
Amjad Sher,5,5,88,5,2/22,17.6,4.88,21.6,0,0
R Ankad,8,8,178,5,3/22,35.6,7.52,28.4,0,0
Anshuman Rath,20,13,264,5,3/6,52.8,8,39.6,0,0
Arshad Hayat,6,5,103,5,2/15,20.6,10.3,12,0,0
Babar Ali,3,3,70,5,2/18,14,7.77,10.8,0,0
V Baskaran,12,12,245,5,2/22,49,6.8,43.2,0,0
S Bhari,6,6,113,5,2/22,22.6,6.27,21.6,0,0
Bilawal Bhatti,9,9,255,5,2/36,51,9.8,31.2,0,0
DR Briggs,7,6,199,5,2/25,39.8,11.05,21.6,0,0
KJ Coetzer,58,5,71,5,3/25,14.2,6.45,13.2,0,0
H Dandapani,5,5,90,5,2/6,18,6,18,0,0
LA Dawson,6,6,152,5,3/27,30.4,7.6,24,0,0
DM de Silva,13,7,100,5,2/22,20,6.66,18,0,0
AC Douglas,10,2,30,5,5/18,6,6.92,5.2,0,1
A Flintoff,7,7,161,5,2/23,32.2,6.44,30,0,0
R Frylinck,3,3,62,5,2/20,12.4,6.2,12,0,0
GC Galanis,2,2,32,5,3/32,6.4,7.38,5.2,0,0
WT Gavera,6,6,113,5,3/17,22.6,6.64,20.4,0,0
DAS Gunaratne,12,10,204,5,1/11,40.8,8.21,29.8,0,0
MD Gunathilaka,21,9,128,5,2/3,25.6,8.17,18.8,0,0
AM Guruge,5,5,125,5,2/18,25,7.81,19.2,0,0
J Hurley,3,3,33,5,3/13,6.6,3.3,12,0,0
Imran Anwar,4,4,134,5,2/24,26.8,8.37,19.2,0,0
MS Kasprowicz,2,2,57,5,4/29,11.4,8.14,8.4,1,0
VJ Kingma,4,4,142,5,2/47,28.4,9.68,17.6,0,0
SC Kuggeleijn,9,9,260,5,2/38,52,9.68,32.2,0,0
R Kumar,4,3,98,5,2/28,19.6,8.16,14.4,0,0
GD McGrath,2,2,79,5,3/31,15.8,9.87,9.6,0,0
MW Machan,13,7,156,5,3/23,31.2,6.93,27,0,0
P Mishra,3,3,37,5,3/12,7.4,4.11,10.8,0,0
DJ Mitchell,9,5,89,5,2/27,17.8,9.7,11,0,0
Mosaddek Hossain,14,12,160,5,2/21,32,7.38,26,0,0
Muhammad Nadeem,5,2,49,5,3/16,9.8,9.8,6,0,0
Muhammad Saleem,4,4,45,5,3/19,9,4.09,13.2,0,0
Muhammad Wafiq,4,4,114,5,3/10,22.8,7.12,19.2,0,0
DM Nakrani,4,4,93,5,2/29,18.6,7.75,14.4,0,0
W Nalisa,9,7,177,5,2/25,35.4,8.85,24,0,0
Naved-ul-Hasan,4,4,101,5,3/19,20.2,7.12,17,0,0
RJ Nicol,21,13,167,5,2/20,33.4,8.14,24.6,0,0
PJ Ongondo,8,8,177,5,2/18,35.4,6.8,31.2,0,0
MW Parkinson,2,2,61,5,4/47,12.2,10.16,7.2,1,0
MIA Patel,3,3,83,5,3/25,16.6,6.91,14.4,0,0
NK Patel,4,4,61,5,2/8,12.2,4.69,15.6,0,0
SS Pathirana,5,5,119,5,2/23,23.8,7.51,19,0,0
K Pierre,8,8,203,5,2/44,40.6,8.82,27.6,0,0
J Rasu,13,2,44,5,5/36,8.8,11.47,4.6,0,1
DMW Rawlins,11,11,285,5,2/22,57,7.7,44.4,0,0
Raza Iqbal,5,4,85,5,2/20,17,6.53,15.6,0,0
LH Rodrigues,4,4,61,5,3/15,12.2,4.69,15.6,0,0
HAM Shah,9,4,86,5,4/23,17.2,8.6,12,1,0
KD Shah,26,9,190,5,2/31,38,7.91,28.8,0,0
V Shankar,9,6,191,5,2/32,38.2,9.09,25.2,0,0
Sharafuddin Ashraf,8,8,201,5,3/27,40.2,8.04,30,0,0
Sohail Khan,5,5,123,5,2/13,24.6,8.2,18,0,0
ACF Stokes,7,7,152,5,2/26,30.4,6.51,28,0,0
Tauqeer Hussain,4,4,48,5,2/12,9.6,5.05,11.4,0,0
RML Taylor,9,9,196,5,3/17,39.2,7.84,30,0,0
RJW Topley,6,6,173,5,3/24,34.6,10.07,20.6,0,0
Usama Master,6,5,106,5,2/24,21.2,8.05,15.8,0,0
LV van Beek,8,7,160,5,3/9,32,9.41,20.4,0,0
W Viraliliu,10,9,164,5,3/19,32.8,8.06,24.4,0,0
S Waqas Ahmed,5,4,83,5,2/24,16.6,8.3,12,0,0
AA Westphal,5,5,65,5,2/10,13,3.42,22.8,0,0
BTJ Wheal,5,5,143,5,3/20,28.6,8.25,20.8,0,0
Yamin Ahmadzai,2,2,65,5,3/34,13,9.06,8.6,0,0
Yasar Haroon,4,4,72,5,2/18,14.4,5.53,15.6,0,0
Yasir Ali,9,5,52,5,2/11,10.4,5.28,11.8,0,0
Abul Hasan,5,5,148,4,2/33,37,10.57,21,0,0
Abu Jayed,3,3,106,4,2/27,26.5,9.63,16.5,0,0
Afif Hossain,8,5,79,4,2/9,19.75,7.9,15,0,0
SA Ahmad,5,3,40,4,3/9,10,4.44,13.5,0,0
D Ajekun,6,6,76,4,1/5,19,6.8,16.7,0,0
DI Allan,10,7,82,4,2/8,20.5,8.78,14,0,0
MA Aponso,3,3,79,4,2/29,19.75,7.9,15,0,0
Arslan Ahmed,3,3,40,4,3/15,10,4.44,13.5,0,0
Ashiqullah Said,3,3,82,4,2/34,20.5,7.45,16.5,0,0
A Aspiotis,3,3,71,4,2/24,17.75,6.45,16.5,0,0
Asrar Ahmed,3,3,46,4,2/4,11.5,4.6,15,0,0
NJ Astle,4,2,50,4,3/20,12.5,7.31,10.2,0,0
R Avery,4,4,66,4,2/13,16.5,6,16.5,0,0
JD Baker,4,4,107,4,2/32,26.75,8.23,19.5,0,0
HMCM Bandara,4,4,96,4,3/32,24,6.85,21,0,0
HH Banner,3,3,67,4,2/18,16.75,5.58,18,0,0
MD Bates,3,3,107,4,3/31,26.75,9.72,16.5,0,0
S Bau,23,10,79,4,2/4,19.75,5.64,21,0,0
TS Braat,3,3,70,4,3/26,17.5,7,15,0,0
GB Brent,3,3,93,4,2/19,23.25,8.45,16.5,0,0
J Bulele,7,5,107,4,2/30,26.75,7.46,21.5,0,0
DE Burgess,4,3,86,4,3/47,21.5,10.11,12.7,0,0
PP Chawla,7,7,151,4,2/13,37.75,6.56,34.5,0,0
MD Dai,9,9,157,4,2/13,39.25,6.28,37.5,0,0
I Danladi,3,3,52,4,2/10,13,5.77,13.5,0,0
K Dasan,3,2,52,4,3/23,13,6.5,12,0,0
JM Davison,5,5,91,4,2/19,22.75,5.05,27,0,0
RR Emrit,4,4,156,4,1/24,39,9.75,24,0,0
S Goustis,3,3,42,4,2/28,10.5,4.66,13.5,0,0
Jandu Hamoud,6,6,112,4,2/25,28,7,24,0,0
RJ Harris,3,3,95,4,2/27,23.75,8.14,17.5,0,0
MC Henriques,11,7,158,4,2/35,39.5,9.29,25.5,0,0
MG Hunter,4,4,63,4,2/22,15.75,5.47,17.2,0,0
Hussain Talat,14,6,54,4,2/12,13.5,9,9,0,0
AF Ifill,6,6,151,4,1/7,37.75,8.16,27.7,0,0
Imran Bulbulia,3,3,59,4,2/20,14.75,5.9,15,0,0
RK Inampud,3,3,68,4,2/29,17,5.66,18,0,0
DF Jacobs,4,2,26,4,4/13,6.5,5.2,7.5,1,0
Joginder Sharma,4,4,138,4,2/20,34.5,9.51,21.7,0,0
MO Jones,8,7,116,4,2/26,29,7.73,22.5,0,0
MBS Jonkman,3,3,47,4,2/21,11.75,5.87,12,0,0
S Kaul,3,3,84,4,2/35,21,8.68,14.5,0,0
S Kizilkaya,4,4,74,4,2/9,18.5,8.22,13.5,0,0
V Kohli,75,12,198,4,1/13,49.5,8.13,36.5,0,0
A Krishna,4,4,121,4,3/27,30.25,10.08,18,0,0
GA Lamb,5,5,80,4,2/14,20,6.57,18.2,0,0
A Lark,5,4,55,4,3/20,13.75,5.07,16.2,0,0
E Leie,2,2,48,4,3/16,12,8,9,0,0
J Lewis,2,2,55,4,4/24,13.75,7.85,10.5,1,0
ML Lewis,2,2,49,4,2/18,12.25,6.53,11.2,0,0
T Lungameni,6,6,88,4,2/16,22,5.5,24,0,0
CJ McKay,6,6,183,4,2/24,45.75,8.07,34,0,0
CS MacLeod,49,11,174,4,2/17,43.5,7.56,34.5,0,0
SW Masakadza,7,7,211,4,2/39,52.75,10.82,29.2,0,0
GE Mathurin,3,3,65,4,3/9,16.25,6.5,15,0,0
Mehidy Hasan Miraz,13,13,330,4,2/31,82.5,9.16,54,0,0
K Mendon,6,5,78,4,3/19,19.5,9,13,0,0
Mohammad Ahsan,6,6,192,4,2/31,48,9.6,30,0,0
Mohammad Kashif,3,3,55,4,2/28,13.75,7.85,10.5,0,0
PL Mommsen,24,7,164,4,1/23,41,7.13,34.5,0,0
JK Mukhiya,4,4,56,4,3/18,14,5.6,15,0,0
C Munro,60,12,186,4,1/12,46.5,9.45,29.5,0,0
N M'shangwe,5,5,142,4,2/33,35.5,8.87,24,0,0
Najjam Shahzad,4,4,65,4,2/16,16.25,5.27,18.5,0,0
Nawroz Mangal,32,6,80,4,3/23,20,8,15,0,0
Nazril Rahman,7,7,166,4,2/28,41.5,9.76,25.5,0,0
SN Netravalkar,8,8,161,4,2/28,40.25,7.1,34,0,0
JO Ngoche,7,7,140,4,2/31,35,5.83,36,0,0
Nizakat Khan,34,5,83,4,3/19,20.75,5.92,21,0,0
AA Noffke,2,2,41,4,3/18,10.25,5.46,11.2,0,0
GM Ntambalika,3,3,56,4,2/13,14,6.22,13.5,0,0
LN Onyango,5,5,128,4,2/17,32,9.84,19.5,0,0
MM Patel,3,3,86,4,2/25,21.5,8.6,15,0,0
RR Patel,30,7,104,4,2/19,26,6.93,22.5,0,0
VD Philander,7,6,114,4,2/23,28.5,8.24,20.7,0,0
S Pillai,3,3,56,4,3/14,14,6.46,13,0,0
EB Ringera,1,1,18,4,4/18,4.5,4.5,6,1,0
S Rossi,5,3,21,4,2/15,5.25,3.07,10.2,0,0
Sahir Naqash,7,5,52,4,2/3,13,5.77,13.5,0,0
O Sam Arthur,3,3,76,4,2/21,19,8.44,13.5,0,0
MM Sarwar,5,4,99,4,2/13,24.75,9.28,16,0,0
A Sathya,3,3,76,4,2/32,19,6.6,17.2,0,0
CP Schofield,4,4,92,4,2/15,23,7.16,19.2,0,0
L Shafeeg,3,3,76,4,3/33,19,6.9,16.5,0,0
Shahadat Hossain,6,6,198,4,2/22,49.5,9.9,30,0,0
NK Shetty,2,2,42,4,3/17,10.5,5.25,12,0,0
L Sipamla,5,5,131,4,2/22,32.75,8.36,23.5,0,0
Sohag Gazi,10,10,299,4,1/28,74.75,8.54,52.5,0,0
DC Stovell,6,6,126,4,2/21,31.5,7.26,26,0,0
AO Suji,8,6,116,4,2/23,29,7.17,24.2,0,0
Syed Aziz,14,8,187,4,2/33,46.75,7.53,37.2,0,0
Syed Rasel,8,8,202,4,1/10,50.5,6.96,43.5,0,0
A Uniyal,3,3,59,4,3/17,14.75,6.55,13.5,0,0
Usman Ali,5,5,130,4,1/21,32.5,6.84,28.5,0,0
TCW Veillard,4,4,93,4,1/15,23.25,5.81,24,0,0
BV Vitori,11,11,323,4,1/24,80.75,8.14,59.5,0,0
Waqas Barkat,22,10,152,4,2/13,38,7.12,32,0,0
SMK Waththage,5,5,66,4,3/4,16.5,5.5,18,0,0
K Weeraratne,5,5,126,4,4/19,31.5,8.4,22.5,1,0
CM Wright,3,2,49,4,3/29,12.25,9.8,7.5,0,0
SA Abbott,4,4,61,3,2/14,20.33,6.1,20,0,0
AS Abioye,5,4,87,3,2/26,29,8.7,20,0,0
AR Adams,4,4,105,3,2/20,35,8.18,25.6,0,0
AB Agarkar,4,3,85,3,2/10,28.33,8.09,21,0,0
A Ahmadhel,3,3,75,3,2/16,25,7.5,20,0,0
S Appu,4,4,74,3,1/21,24.66,8.22,18,0,0
MNM Aslam,6,5,85,3,1/13,28.33,6.07,28,0,0
TD Astle,3,3,69,3,3/28,23,8.62,16,0,0
V Ateak,4,3,94,3,2/36,31.33,8.54,22,0,0
MS Aulakh,3,3,82,3,2/40,27.33,9.11,18,0,0
G Bakiweyem,3,3,62,3,2/15,20.66,6.2,20,0,0
S Bantzas,1,1,12,3,3/12,4,4,6,0,0
F Behardien,38,3,27,3,2/15,9,5.4,10,0,0
P Bhart,5,4,68,3,2/29,22.66,5.66,24,0,0
PRP Boissevain,4,4,116,3,1/19,38.66,7.25,32,0,0
SM Boland,3,3,90,3,3/26,30,8.18,22,0,0
PR Brown,4,4,128,3,1/29,42.66,9.84,26,0,0
P Buccimazza,4,4,86,3,2/18,28.66,6.61,26,0,0
N Buckle,3,3,76,3,3/26,25.33,7.6,20,0,0
CG Burnett,1,1,18,3,3/18,6,4.5,8,0,0
HL Carlyon,9,3,42,3,3/15,14,7,12,0,0
MS Chapman,24,4,77,3,1/10,25.66,7.7,20,0,0
M Chauhan,2,2,38,3,2/16,12.66,4.75,16,0,0
TLW Cooper,18,9,132,3,2/18,44,7.76,34,0,0
M Cope,2,2,61,3,2/23,20.33,12.2,10,0,0
BCJ Cutting,7,7,215,3,1/18,71.66,10.23,42,0,0
TH David,12,9,202,3,1/18,67.33,9.04,44.6,0,0
NS Dhaliwal,12,5,43,3,1/11,14.33,5.37,16,0,0
SDJJ Dima,4,2,57,3,3/41,19,11.4,10,0,0
S Dube,6,6,114,3,3/30,38,9.12,25,0,0
RMS Eranga,3,3,90,3,2/30,30,8.18,22,0,0
L Evile,4,4,67,3,1/0,22.33,5.58,24,0,0
Farhan Ahmed,3,3,66,3,2/28,22,7.33,18,0,0
Fawad Ahmed,2,2,68,3,3/25,22.66,8.5,16,0,0
B Fernando,2,2,71,3,2/33,23.66,9.68,14.6,0,0
P Florin,4,2,10,3,2/3,3.33,6,3.3,0,0
BC Fortuin,2,2,51,3,2/19,17,7.28,14,0,0
ST Gabriel,2,2,56,3,3/44,18.66,8,14,0,0
CJ Gannon,4,3,67,3,2/21,22.33,7.44,18,0,0
D Gough,2,2,49,3,3/16,16.33,7.17,13.6,0,0
TGJ Gruijters,8,5,74,3,1/5,24.66,6.16,24,0,0
HF Gurney,2,2,55,3,2/26,18.33,6.87,16,0,0
AJ Hall,2,2,60,3,3/22,20,7.5,16,0,0
SM Harwood,3,3,113,3,2/21,37.66,9.41,24,0,0
Hayatullah Niazi,4,4,81,3,1/19,27,8.1,20,0,0
J Hill,4,2,50,3,2/27,16.66,8.33,12,0,0
J Hirschi,4,4,96,3,2/18,32,8.72,22,0,0
Z Hoque,3,3,51,3,1/13,17,4.25,24,0,0
JJ Huo,7,3,56,3,3/14,18.66,5.6,20,0,0
Ijaz Hussain,3,3,89,3,2/19,29.66,9.05,19.6,0,0
D Jakiel,2,2,44,3,2/27,14.66,6.28,14,0,0
GSNFG Jayasuriya,16,10,202,3,1/11,67.33,9.25,43.6,0,0
Kaleemullah,6,6,132,3,2/23,44,6.94,38,0,0
Kaleem Shah,7,6,130,3,2/24,43.33,7.64,34,0,0
E Katchay,4,4,71,3,1/18,23.66,7.1,20,0,0
SKW Kelly,3,3,50,3,2/18,16.66,7.14,14,0,0
P Kerai,6,5,82,3,3/15,27.33,7.45,22,0,0
J Kila,12,9,99,3,1/5,33,5.82,34,0,0
AC Kose,4,2,116,3,2/62,38.66,14.5,16,0,0
DS Kulkarni,2,2,55,3,2/23,18.33,6.87,16,0,0
CBRLS Kumara,3,3,97,3,2/24,32.33,8.08,24,0,0
UKPW Kumaranayaka,3,3,102,3,2/26,34,8.5,24,0,0
NCK Liyanage,6,5,100,3,1/19,33.33,7.14,28,0,0
DL Maddy,4,2,26,3,2/6,8.66,8.66,6,0,0
S Mahmood,3,3,115,3,1/20,38.33,11.5,20,0,0
SI Mahmood,4,4,155,3,1/31,51.66,11.07,28,0,0
MSS Mandy,4,3,43,3,2/19,14.33,5.37,16,0,0
Mansoor Amjad,1,1,3,3,3/3,1,3,2,0,0
TS Mills,5,5,129,3,1/27,43,6.78,38,0,0
T Mishra,15,2,33,3,3/25,11,6.6,10,0,0
K Modise,3,2,41,3,3/18,13.66,8.2,10,0,0
Mohammad Ghazanfar,5,5,85,3,2/11,28.33,6.07,28,0,0
Mohammad Hasnain,4,4,137,3,3/37,45.66,8.56,32,0,0
Mohammed Siraj,3,3,148,3,1/45,49.33,12.33,24,0,0
Musa Shaheen,1,1,11,3,3/11,3.66,4.71,4.6,0,0
Naeem Islam,10,6,122,3,2/32,40.66,8.13,30,0,0
A Nathwani,5,4,79,3,1/9,26.33,7.9,20,0,0
MP O'Dowd,36,9,119,3,1/7,39.66,9.39,25.3,0,0
HC Overdijk,4,3,72,3,2/23,24,9,16,0,0
SD Parry,5,5,138,3,2/33,46,8.62,32,0,0
JL Pattinson,4,4,104,3,2/17,34.66,8,26,0,0
MDK Perera,3,3,72,3,3/26,24,7.2,20,0,0
J Perman,2,2,41,3,2/18,13.66,5.12,16,0,0
R Pisal,1,1,4,3,3/4,1.33,1.33,6,0,0
D Pretorius,6,6,116,3,1/12,38.66,8.28,28,0,0
P Raho,2,2,20,3,3/11,6.66,6.66,6,0,0
Raja Adeel,3,3,36,3,2/15,12,3.27,22,0,0
RJ Ranpura,3,2,32,3,2/17,10.66,5.33,12,0,0
KB Ratilal,3,3,61,3,2/18,20.33,5.08,24,0,0
WJR Robertson,6,6,101,3,1/7,33.66,5.55,36.3,0,0
M Sert,4,4,93,3,2/38,31,9.3,20,0,0
A Shahzad,3,3,97,3,2/38,32.33,8.81,22,0,0
R Sharma,2,2,56,3,2/29,18.66,7.63,14.6,0,0
Shiraz Khan,6,6,140,3,2/35,46.66,7,40,0,0
Shoaib Ali,5,5,129,3,2/25,43,8.32,31,0,0
DJM Short,20,9,151,3,1/13,50.33,7.94,38,0,0
PM Siddle,2,2,58,3,2/24,19.33,7.25,16,0,0
Sikander Zulfiqar,11,7,79,3,1/9,26.33,7.9,20,0,0
KM Silva,3,2,18,3,2/1,6,6,6,0,0
M Simpson-Parker,3,3,40,3,2/6,13.33,8,10,0,0
S Singh,4,4,110,3,3/32,36.66,10,22,0,0
DC Smith,4,4,89,3,1/8,29.66,8.09,22,0,0
A Srivastav,4,3,73,3,2/28,24.33,9.12,16,0,0
H Ssenyondo,4,3,48,3,3/14,16,4.8,20,0,0
JH Stander,11,7,156,3,2/24,52,11.55,27,0,0
Suhail Sadiq,2,2,45,3,2/13,15,7.5,12,0,0
Syazrul Idrus,2,2,64,3,2/31,21.33,9.14,14,0,0
Tahir Dar,4,4,128,3,2/31,42.66,9.14,28,0,0
Tanveer Ahmed,5,5,116,3,2/29,38.66,8.59,27,0,0
SR Taylor,8,5,70,3,2/10,23.33,5.38,26,0,0
AC Thomas,1,1,25,3,3/25,8.33,6.25,8,0,0
SF Tiai,4,4,82,3,2/16,27.33,7.45,22,0,0
BM Tickner,3,3,109,3,2/25,36.33,9.08,24,0,0
DR Tuffey,3,3,93,3,2/16,31,9.3,20,0,0
AJ Turner,11,3,42,3,2/12,14,7,12,0,0
MB van Schelven,2,2,30,3,2/22,10,4.28,14,0,0
Vichanath Singh,4,4,90,3,1/15,30,5.62,32,0,0
Virandeep Singh,12,8,135,3,2/15,45,7.78,34.6,0,0
RR Watson,10,5,92,3,1/4,30.66,9.2,20,0,0
RM West,5,5,142,3,1/23,47.33,7.47,38,0,0
SG Whittingham,3,3,79,3,2/33,26.33,7.9,20,0,0
S Wickramasekara,5,5,93,3,2/2,31,6,31,0,0
Younis Khan,25,1,18,3,3/18,6,4.9,7.3,0,0
Zahid Hussain,3,3,47,3,3/16,15.66,4.94,19,0,0
Zaki Ul Hassan,3,3,56,3,1/12,18.66,6.22,18,0,0
C Zavoiu,3,1,4,3,3/4,1.33,4,2,0,0
Ziaur Rahman,14,7,127,3,1/16,42.33,10.16,25,0,0
Zulqarnain Haider,5,5,60,3,1/7,20,4.61,26,0,0
Aamer Yamin,2,2,37,2,1/12,18.5,6.16,18,0,0
Aaron Jones,8,3,28,2,1/6,14,4,21,0,0
YA Abdulla,2,2,44,2,1/16,22,6.28,21,0,0
AG Achar,3,3,44,2,1/9,22,7.33,18,0,0
Ahmed Hassan,11,5,81,2,1/8,40.5,10.8,22.5,0,0
Ali Naqi,4,4,65,2,2/20,32.5,6.5,30,0,0
Alok Kapali,7,2,35,2,2/12,17.5,7,15,0,0
Anique Uddin,6,2,14,2,2/12,7,5.6,7.5,0,0
DNA Ankrah,4,4,85,2,1/21,42.5,7.08,36,0,0
Apon Mustafizur,2,1,30,2,2/30,15,10,9,0,0
Aqib Ilyas,22,4,59,2,1/9,29.5,6.55,27,0,0
S Arachchige,4,4,42,2,2/15,21,7,18,0,0
JC Archer,1,1,29,2,2/29,14.5,7.25,12,0,0
Ashfaq Ahmed,12,2,34,2,1/14,17,5.66,18,0,0
Atif Kamal,4,4,90,2,2/5,45,6.42,42,0,0
Aziz Mohammad,3,3,84,2,1/18,42,7,36,0,0
MO Bacarese,3,3,51,2,1/15,25.5,4.25,36,0,0
LS Baker,3,3,58,2,1/12,29,7.25,24,0,0
JT Ball,2,2,83,2,1/39,41.5,11.85,21,0,0
GG Banner,3,1,10,2,2/10,5,2.85,10.5,0,0
W Barresi,42,3,49,2,1/3,24.5,8.64,17,0,0
RJ Campbell,3,3,68,2,2/28,34,6.8,30,0,0
P Chandran,3,2,45,2,1/22,22.5,11.25,12,0,0
FA Cossa,6,5,110,2,1/24,55,7.85,42,0,0
KM Dabengwa,8,7,106,2,1/1,53,9.63,33,0,0
DK Dahyabhai Ahir,2,2,27,2,2/11,13.5,9,9,0,0
JWM Dalrymple,3,3,39,2,1/10,19.5,7.8,15,0,0
Dawlat Ahmadzai,2,2,46,2,1/21,23,11.5,12,0,0
AS Dean,2,2,32,2,2/18,16,8,12,0,0
AP Devcich,4,4,80,2,2/16,40,6.66,36,0,0
LHD Dilhara,2,2,30,2,2/6,15,6,15,0,0
N Dipakkumar Patel,3,3,42,2,2/17,21,4.2,30,0,0
K Dorji,2,2,69,2,2/45,34.5,9.85,21,0,0
Ehsan Nawaz,5,5,79,2,1/22,39.5,10.3,23,0,0
AM Ellis,5,4,105,2,2/40,52.5,10.5,30,0,0
Fakhrul Mohon,4,4,85,2,1/21,42.5,6.07,42,0,0
V Ganesan,4,4,44,2,1/10,22,4.88,27,0,0
B Geeves,1,1,35,2,2/35,17.5,10.5,10,0,0
D Gim,6,4,65,2,1/18,32.5,10.83,18,0,0
Hafez Farooq,4,1,14,2,2/14,7,7,6,0,0
LHB Harrington-Myers,4,2,26,2,2/13,13,6.5,12,0,0
NM Hauritz,3,2,47,2,1/20,23.5,6.4,22,0,0
PA Hitchcock,1,1,43,2,2/43,21.5,14.33,9,0,0
Imran Ashraf,3,3,78,2,2/23,39,8.66,27,0,0
Imran Khan,3,3,106,2,2/35,53,8.83,36,0,0
MM Iqbal,6,3,59,2,2/15,29.5,7.37,24,0,0
J Jojo,7,5,98,2,2/25,49,5.76,51,0,0
Jubair Hossain,1,1,20,2,2/20,10,10,6,0,0
Junaid Sheikh,5,5,104,2,1/21,52,6.5,48,0,0
Kamran Shazad,3,3,77,2,2/19,38.5,8.88,26,0,0
D Kegasitswe,4,3,156,2,1/43,78,13,36,0,0
A Khan,1,1,34,2,2/34,17,8.5,12,0,0
AK Kitchen,5,3,46,2,1/3,23,7.66,18,0,0
Kuldeep Lal,8,4,100,2,2/33,50,11.11,27,0,0
B Laughlin,3,3,118,2,1/32,59,9.97,35.5,0,0
KS Lokuarachchi,2,2,48,2,2/31,24,8,18,0,0
J Louw,2,2,54,2,2/36,27,7.71,21,0,0
Lucky Ali,2,2,40,2,1/19,20,5.71,21,0,0
AJ McKay,2,2,31,2,2/20,15.5,5.47,17,0,0
DSK Madushanka,2,2,62,2,2/23,31,12,15.5,0,0
R Mahajan,3,3,93,2,1/18,46.5,9.3,30,0,0
GI Maiden,3,3,58,2,1/20,29,5.8,30,0,0
GT Main,4,2,34,2,1/13,17,8.5,12,0,0
P Manning,6,4,53,2,2/3,26.5,6.62,24,0,0
B Masaba,1,1,14,2,2/14,7,3.5,12,0,0
H Masakadza,66,9,113,2,1/4,56.5,9.41,36,0,0
MJ Mason,3,3,65,2,1/18,32.5,7.22,27,0,0
B Mavuta,3,3,81,2,1/19,40.5,6.75,36,0,0
Z McLaughlin,3,3,54,2,2/30,27,7.53,21.5,0,0
SC Meaker,2,2,70,2,1/28,35,8.93,23.5,0,0
Mohameed Taiwo,2,2,41,2,1/16,20.5,5.12,24,0,0
Mohammad Adnan,5,5,120,2,1/27,60,7.05,51,0,0
Mohsin Hub,4,3,39,2,1/14,19.5,4.33,27,0,0
Muhammad Rafique,2,2,63,2,1/31,31.5,12.6,15,0,0
S Murari,3,3,52,2,1/10,26,5.2,30,0,0
LA Musiani,5,4,69,2,1/16,34.5,4.6,45,0,0
M Nasim Baras,3,3,56,2,1/11,28,7,24,0,0
A Nel,2,2,42,2,2/19,21,5.25,24,0,0
R Ngarava,1,1,48,2,2/48,24,12,12,0,0
F Nsubuga,3,3,46,2,2/19,23,5.75,24,0,0
L Nussbaumer,1,1,44,2,2/44,22,11,12,0,0
E Packard,4,4,79,2,1/8,39.5,7.18,33,0,0
MS Panesar,1,1,40,2,2/40,20,10,12,0,0
NMS Param,8,3,55,2,2/24,27.5,6.87,24,0,0
HH Patel,7,5,104,2,2/13,52,8,39,0,0
H Patel,11,5,83,2,2/23,41.5,8.44,29.5,0,0
N Pathan,4,4,60,2,1/11,30,10,18,0,0
DBL Powell,5,5,131,2,1/6,65.5,7.7,51,0,0
R Powell,23,4,74,2,1/20,37,9.25,24,0,0
A Pusthay,5,4,90,2,2/26,45,9,30,0,0
S Rakshit,7,5,99,2,1/11,49.5,7.71,38.5,0,0
S Ravikumar,3,3,56,2,1/12,28,8.84,19,0,0
Raza-ur-Rehman,5,3,58,2,2/16,29,6.44,27,0,0
AJ Redmond,7,1,24,2,2/24,12,8.47,8.5,0,0
GA Rogers,2,2,67,2,2/15,33.5,8.55,23.5,0,0
IH Romaine,2,2,21,2,2/2,10.5,5.72,11,0,0
SI Runsewe,6,2,23,2,1/4,11.5,9.2,7.5,0,0
JD Ryder,22,5,68,2,1/2,34,6.8,30,0,0
Sadeeq Khan,3,3,63,2,1/21,31.5,5.25,36,0,0
TK Saha,4,4,88,2,1/22,44,8.8,30,0,0
Sajid Liaqat,2,2,72,2,1/30,36,9,24,0,0
Sandeep Goud,12,2,48,2,2/36,24,8,18,0,0
Saqib Zulfiqar,6,4,61,2,1/4,30.5,6.77,27,0,0
Saqlain Ali,2,2,36,2,1/12,18,5.14,21,0,0
Sarfaraz Ali,4,3,60,2,2/20,30,7.5,24,0,0
P Sarraf,9,6,58,2,1/3,29,5.27,33,0,0
RR Sarwan,18,1,10,2,2/10,5,5,6,0,0
Shaffeq Muhammad,2,2,21,2,2/12,10.5,3,21,0,0
Sharif Asadullah,1,1,21,2,2/21,10.5,7,9,0,0
Shuvagata Hom,5,4,71,2,1/18,35.5,6.45,33,0,0
EHSN Silva,2,2,58,2,1/20,29,8.28,21,0,0
LA Simango,3,3,55,2,2/20,27.5,8.91,18.5,0,0
OF Smith,2,2,78,2,1/38,39,11.14,21,0,0
CB Sole,4,4,141,2,2/38,70.5,8.81,48,0,0
AL Stephen,2,2,29,2,2/15,14.5,4.14,21,0,0
MJ Swepson,1,1,37,2,2/37,18.5,9.25,12,0,0
T Taylor,6,4,74,2,1/17,37,8.22,27,0,0
R Telemachus,3,3,90,2,1/22,45,7.5,36,0,0
S Thuraisingam,3,3,44,2,1/13,22,5.61,23.5,0,0
CT Tremlett,1,1,45,2,2/45,22.5,11.25,12,0,0
T Turan,4,3,111,2,1/32,55.5,13.59,24.5,0,0
S Vashisht,3,3,31,2,1/5,15.5,3.44,27,0,0
AC Voges,7,1,5,2,2/5,2.5,2.5,6,0,0
Waqas Maqsood,1,1,21,2,2/21,10.5,11.45,5.5,0,0
SR Welsh,1,1,6,2,2/6,3,2,9,0,0
AR White,18,1,18,2,2/18,9,4.5,12,0,0
G Wijekoon,3,3,101,2,1/12,50.5,9.18,33,0,0
C Wright,6,4,53,2,2/34,26.5,7.57,21,0,0
HN Ya France,6,6,82,2,1/3,41,6.3,39,0,0
Zain ul Tashnam,3,2,35,2,1/16,17.5,4.37,24,0,0
S Zargar,1,1,22,2,2/22,11,7.33,9,0,0
Ziaur Rahman,1,1,42,2,2/42,21,10.5,12,0,0
Adnan Idrees,6,3,67,1,1/34,67,9.57,42,0,0
N Advani,1,1,12,1,1/12,12,4,18,0,0
Aftab Ahmed,1,1,10,1,1/10,10,10,6,0,0
GW Aldridge,1,1,45,1,1/45,45,11.25,24,0,0
J Allen,2,2,19,1,1/7,19,9.5,12,0,0
TP Allen,5,2,28,1,1/11,28,9.33,18,0,0
Amir Ali,10,5,67,1,1/6,67,7.44,54,0,0
Amir Mangal,9,5,57,1,1/17,57,8.55,40,0,0
S Aravind,1,1,44,1,1/44,44,12,22,0,0
Ariful Haque,9,1,13,1,1/13,13,13,6,0,0
B Arora,4,4,75,1,1/26,75,6.71,67,0,0
Asad Mohammad,9,8,158,1,1/18,158,6.58,144,0,0
Asghar Afghan,66,1,4,1,1/4,4,6,4,0,0
AA Banner,3,2,39,1,1/18,39,4.87,48,0,0
CD Barnwell,6,4,51,1,1/24,51,8.5,36,0,0
A Bhattarai,1,1,12,1,1/12,12,4,18,0,0
SR Bhudia,4,4,63,1,1/6,63,7,54,0,0
STR Binny,3,3,54,1,1/14,54,10.8,30,0,0
CC Blake,3,3,49,1,1/15,49,6.12,48,0,0
N Boje,1,1,27,1,1/27,27,6.75,24,0,0
SG Borthwick,1,1,15,1,1/15,15,3.75,24,0,0
DL Brangman,5,5,84,1,1/19,84,12,42,0,0
CL Cairns,2,2,52,1,1/28,52,6.5,48,0,0
A Carthew,4,1,19,1,1/19,19,9.5,12,0,0
RD Chahar,1,1,27,1,1/27,27,9,18,0,0
Charanjeet Singh,3,2,35,1,1/18,35,7,30,0,0
MS Crane,2,2,62,1,1/38,62,7.75,48,0,0
H Dajc,2,1,36,1,1/36,36,9,24,0,0
H Davids,9,2,13,1,1/6,13,6.5,12,0,0
PA Desai,1,1,30,1,1/30,30,10,18,0,0
R Dhawan,1,1,42,1,1/42,42,10.5,24,0,0
M Dixit,3,3,93,1,1/51,93,10.33,54,0,0
KR Ebanks,5,5,104,1,1/25,104,9.45,66,0,0
Faisal Khan,4,1,21,1,1/21,21,10.5,12,0,0
Fayyaz Ahmed,1,1,29,1,1/29,29,9.66,18,0,0
Fiaz Ahmad,3,3,56,1,1/13,56,11.2,30,0,0
KK Flowers,3,1,16,1,1/16,16,8,12,0,0
C Floyd,2,2,51,1,1/14,51,10.2,30,0,0
C Fry,3,3,62,1,1/3,62,8.85,42,0,0
MD Garratt,4,1,12,1,1/12,12,4.23,17,0,0
JN Gillespie,1,1,49,1,1/49,49,12.25,24,0,0
NA Greenwood,8,2,14,1,1/4,14,7,12,0,0
L Gregory,5,2,29,1,1/10,29,7.25,24,0,0
Hardev Singh,3,1,12,1,1/12,12,12,6,0,0
SJ Harmison,2,2,42,1,1/13,42,6.46,39,0,0
Haroon Arshad,10,8,108,1,1/4,108,7.8,83,0,0
Haroon Mughal,4,2,31,1,1/17,31,10.33,18,0,0
TM Head,16,3,39,1,1/16,39,9.75,24,0,0
R Hekure,8,6,37,1,1/6,37,7.65,29,0,0
BJ Hodge,15,3,43,1,1/13,43,8.6,30,0,0
S Hongsi,3,2,35,1,1/15,35,11.66,18,0,0
A Husain,5,4,51,1,1/6,51,5.1,60,0,0
GM Hyde,3,2,43,1,1/14,43,8.6,30,0,0
Ibrahim Rizan,5,4,63,1,1/22,63,7.71,49,0,0
Iftikhar Anjum,2,2,67,1,1/34,67,8.37,48,0,0
AJ Ireland,1,1,33,1,1/33,33,11,18,0,0
Irfan Mir,4,4,73,1,1/26,73,4.86,90,0,0
E Isaneez,3,3,53,1,1/16,53,5.67,56,0,0
Ismat Ullah,4,2,16,1,1/9,16,4,24,0,0
Jaspreet Singh,5,2,53,1,1/26,53,10.6,30,0,0
D Kansonkho,7,3,60,1,1/15,60,8,45,0,0
A Karn,2,2,49,1,1/31,49,6.12,48,0,0
N Khanna,2,2,47,1,1/26,47,11.75,24,0,0
B Khumalo,3,3,96,1,1/23,96,8.72,66,0,0
Khurram Chohan,4,4,106,1,1/24,106,8.71,73,0,0
Khurram Khan,3,1,8,1,1/8,8,8,6,0,0
JH Kiani,4,1,26,1,1/26,26,6.5,24,0,0
H Lakov,3,3,72,1,1/23,72,6,72,0,0
CA Liyanage,2,2,47,1,1/33,47,9.4,30,0,0
J Long,2,1,26,1,1/26,26,13,12,0,0
NM Lyon,2,2,48,1,1/33,48,9.6,30,0,0
RT Lyons,2,2,40,1,1/26,40,6.66,36,0,0
OC McCoy,2,1,44,1,1/44,44,14.66,18,0,0
Mahmad Data,2,2,31,1,1/15,31,6.2,30,0,0
A Makesh,4,4,79,1,1/19,79,8.77,54,0,0
DJ Malan,9,1,27,1,1/27,27,13.5,12,0,0
WJ Malinda,3,1,27,1,1/27,27,6.75,24,0,0
OM Marshall,3,2,22,1,1/10,22,7.33,18,0,0
A Martin,1,1,20,1,1/20,20,6.66,18,0,0
T Maruma,13,2,20,1,1/8,20,6.66,18,0,0
WT Mashinge,2,2,57,1,1/37,57,11.4,30,0,0
N Master,2,1,30,1,1/30,30,7.5,24,0,0
Md Shafiqul Haque,4,1,25,1,1/25,25,8.33,18,0,0
DP Michael,4,1,32,1,1/32,32,10.66,18,0,0
SF Mire,9,5,115,1,1/15,115,9.58,72,0,0
Mohammad Boota,16,1,13,1,1/13,13,13,6,0,0
Mohammad Rafique,1,1,22,1,1/22,22,5.5,24,0,0
Mohammad Shahid,1,1,32,1,1/32,32,10.66,18,0,0
MR Montfort,1,1,25,1,1/25,25,8.33,18,0,0
J Mubarak,16,2,17,1,1/9,17,12.75,8,0,0
Muhammad Tanveer,15,3,63,1,1/29,63,7.87,48,0,0
D Muhumuza,4,3,35,1,1/15,35,7,30,0,0
EMDY Munaweera,13,5,92,1,1/26,92,9.2,60,0,0
T Mupariwa,4,4,94,1,1/22,94,7.23,78,0,0
Murid Ekrami,3,3,37,1,1/10,37,7.4,30,0,0
Najeeb Amar,1,1,29,1,1/29,29,9.66,18,0,0
NH Naureen,1,1,32,1,1/32,32,10.66,18,0,0
Naveed Ahmed,7,5,56,1,1/15,56,6.22,54,0,0
Nazakat Ali,2,2,16,1,1/6,16,5.33,18,0,0
Nazmul Hossain,4,4,67,1,1/15,67,9.57,42,0,0
A Ndlovu,3,3,90,1,1/35,90,8.18,66,0,0
R Neale,3,1,30,1,1/30,30,10,18,0,0
P Negi,1,1,16,1,1/16,16,5.33,18,0,0
D Nikolov,3,2,36,1,1/22,36,9,24,0,0
K Nima,1,1,22,1,1/22,22,7.33,18,0,0
Noman Kamawi,1,1,28,1,1/28,28,9.33,18,0,0
L Nou,3,3,65,1,1/24,65,6.5,60,0,0
E Ochieng,2,2,30,1,1/18,30,7.5,24,0,0
JL Ontong,14,4,83,1,1/25,83,13.83,36,0,0
AM Oyede,8,3,44,1,1/14,44,5.5,48,0,0
RJG Palmer,2,2,27,1,1/10,27,6.75,24,0,0
MA Parker,2,2,61,1,1/36,61,10.16,36,0,0
Parvez Rasool,1,1,32,1,1/32,32,8,24,0,0
AY Patel,2,2,45,1,1/27,45,7.5,36,0,0
KP Pietersen,37,3,53,1,1/27,53,10.6,30,0,0
JE Pitcher,3,3,50,1,1/26,50,7.14,42,0,0
S Pokhriyal,5,1,22,1,1/22,22,11,12,0,0
M Pushpakumara,1,1,27,1,1/27,27,9,18,0,0
Qasim Zia,3,3,68,1,1/17,68,7.55,54,0,0
Raag Kapur,4,3,49,1,1/26,49,7,42,0,0
RLB Rambukwella,2,2,46,1,1/19,46,7.07,39,0,0
Ravinder Singh,2,2,72,1,1/36,72,12,36,0,0
J Reb,2,1,40,1,1/40,40,13.33,18,0,0
GA Reynold,3,3,49,1,1/17,49,6.12,48,0,0
Riazat Ali Shah,4,3,58,1,1/20,58,7.56,46,0,0
R Rivas,3,1,45,1,1/45,45,11.25,24,0,0
Saber Zakhil,3,3,69,1,1/23,69,7.66,54,0,0
S Saeed,5,5,95,1,1/24,95,8.63,66,0,0
AM Samad,7,1,36,1,1/36,36,18,12,0,0
Sandeep Sharma,2,2,73,1,1/39,73,10.42,42,0,0
I Sawmy,2,1,12,1,1/12,12,4,18,0,0
Shahzad Muhammad,2,1,29,1,1/29,29,9.66,18,0,0
Shaikh Ashraf,4,2,34,1,1/18,34,8.5,24,0,0
KV Sharma,1,1,28,1,1/28,28,7,24,0,0
RG Sharma,104,9,113,1,1/22,113,9.97,68,0,0
ZK Shem,5,3,72,1,1/36,72,12,36,0,0
LPC Silva,16,2,15,1,1/4,15,5,18,0,0
BA Simango,2,1,21,1,1/21,21,7,18,0,0
T Singye,2,2,65,1,1/53,65,10.83,36,0,0
J Singye,2,2,69,1,1/28,69,8.62,48,0,0
JT Smuts,8,6,101,1,1/19,101,7.97,76,0,0
Sufyan Mehmood,3,3,39,1,1/22,39,7.09,33,0,0
Suhrid Roy,1,1,44,1,1/44,44,11,24,0,0
CR Suryawanshi,3,1,13,1,1/13,13,6.5,12,0,0
Tafseer Ali,5,3,37,1,1/17,37,9.25,24,0,0
Taijul Islam,2,2,58,1,1/26,58,8.28,42,0,0
Tanvir Ahmed,1,1,13,1,1/13,13,4.33,18,0,0
BRM Taylor,38,2,17,1,1/16,17,3.4,30,0,0
SR Tendulkar,1,1,12,1,1/12,12,4.8,15,0,0
EP Thompson,1,1,18,1,1/18,18,6,18,0,0
GC Tonge,1,1,25,1,1/25,25,6.25,24,0,0
JJ Tucker,5,4,62,1,1/16,62,8.85,42,0,0
Umair Ali,3,2,28,1,1/13,28,7,24,0,0
DLS van Bunge,14,2,15,1,1/14,15,6.42,14,0,0
C Vorster,1,1,32,1,1/32,32,10.66,18,0,0
Walid Ghauri,4,2,31,1,1/16,31,8.08,23,0,0
Washeem Abbas,2,2,70,1,1/31,70,8.75,48,0,0
UWMBCA Welegedara,2,2,61,1,1/21,61,10.16,36,0,0
CL White,47,5,51,1,1/11,51,7.28,42,0,0
T Whiteman,4,2,38,1,1/24,38,10.36,22,0,0
JD Wildermuth,2,2,32,1,1/16,32,10.66,18,0,0
LJ Woodcock,3,3,70,1,1/30,70,7,60,0,0
GH Worker,2,1,19,1,1/19,19,9.5,12,0,0
Yusuf Ebrahim,3,3,44,1,1/13,44,6.28,42,0,0
Zaheer Maqsood,3,3,80,1,1/29,80,8.88,54,0,0
Zamir Khan,1,1,26,1,1/26,26,6.5,24,0,0
Zawar Farid,4,2,35,1,1/34,35,8.4,25,0,0
C Zhuwao,7,1,1,1,1/1,1,3,2,0,0
Zohaib Sarwar,4,4,51,1,1/8,51,7.28,42,0,0
M Zondeki,1,1,41,1,1/41,41,13.66,18,0,0
Abdullah Mahmood,1,1,9,0,0,0,9,0,0,0
Abdullah Sheikh,2,1,13,0,0,0,13,0,0,0
Abdur Rauf,1,1,21,0,0,0,7,0,0,0
M Aboagye,3,1,17,0,0,0,17,0,0,0
RA Abolarin,1,1,7,0,0,0,10.5,0,0,0
S Adedeji,6,1,21,0,0,0,10.5,0,0,0
Aftab Ahmed,11,1,8,0,0,0,24,0,0,0
GJ Agius,2,2,53,0,0,0,10.6,0,0,0
Ahmed Shehzad,59,1,10,0,0,0,10,0,0,0
DS Airee,18,1,23,0,0,0,11.5,0,0,0
Ameer Saiyed,4,3,44,0,0,0,11,0,0,0
Ammad Uddin,4,1,1,0,0,0,6,0,0,0
Anasim Khan,4,4,119,0,0,0,8.5,0,0,0
J Anderson,4,1,13,0,0,0,13,0,0,0
DK Anefie,4,4,72,0,0,0,6,0,0,0
Anowarul Islam,4,2,25,0,0,0,8.33,0,0,0
Ansar Iqbal,4,1,13,0,0,0,6.5,0,0,0
Aqib Iqbal,5,4,84,0,0,0,6.46,0,0,0
Arsalan Qadir,1,1,12,0,0,0,12,0,0,0
U Aryaman Sunil,2,2,28,0,0,0,9.33,0,0,0
Asad Ali,2,2,33,0,0,0,8.25,0,0,0
A Ashokan,2,1,16,0,0,0,8,0,0,0
Atif Ali Khan,1,1,43,0,0,0,10.75,0,0,0
Avi Dixit,1,1,15,0,0,0,15,0,0,0
P Awana,2,2,71,0,0,0,11.83,0,0,0
KS Bagabena,4,4,56,0,0,0,11.58,0,0,0
KMC Bandara,1,1,11,0,0,0,11,0,0,0
GEF Barnett,5,1,11,0,0,0,11,0,0,0
GJ Batty,1,1,17,0,0,0,5.66,0,0,0
DE Bernard,1,1,17,0,0,0,4.25,0,0,0
P Bharat Patel,2,2,40,0,0,0,8,0,0,0
Meet Bhavsar,9,1,11,0,0,0,11,0,0,0
RL Bhudia,3,3,78,0,0,0,10.63,0,0,0
KK Bishnoi,3,2,27,0,0,0,9,0,0,0
NE Bonner,2,1,18,0,0,0,9,0,0,0
IDR Bradshaw,1,1,22,0,0,0,5.5,0,0,0
DR Brown,2,1,44,0,0,0,11,0,0,0
DK Butler,1,1,22,0,0,0,7.33,0,0,0
J Butler,9,1,15,0,0,0,15,0,0,0
JD Campbell,2,1,1,0,0,0,1,0,0,0
J Cutinho,3,1,7,0,0,0,8.4,0,0,0
DAP Darrell,11,1,14,0,0,0,7,0,0,0
BFW de Leede,8,2,27,0,0,0,13.5,0,0,0
N Deonarine,8,4,87,0,0,0,9.66,0,0,0
PC de Silva,2,2,30,0,0,0,15,0,0,0
ST de Silva,3,1,10,0,0,0,10,0,0,0
BJ Diamanti,1,1,19,0,0,0,9.5,0,0,0
A Djorovic,2,2,32,0,0,0,5.33,0,0,0
B Dugic,2,2,22,0,0,0,8.8,0,0,0
F du Plessis,44,2,3,0,0,0,2.25,0,0,0
AB Dursak,4,3,134,0,0,0,15.46,0,0,0
PS Eaglestone,1,1,16,0,0,0,8,0,0,0
Fahad Tariq,6,2,26,0,0,0,8.66,0,0,0
Fakhar Zaman,34,1,12,0,0,0,12,0,0,0
Fazal Niazai,1,1,13,0,0,0,13,0,0,0
MVT Fernando,1,1,16,0,0,0,8,0,0,0
AJ Finch,58,2,27,0,0,0,13.5,0,0,0
JA Fitzgerald,4,1,22,0,0,0,11,0,0,0
DR Flynn,5,1,7,0,0,0,7,0,0,0
GF Gomes,7,1,16,0,0,0,8,0,0,0
MJ Guptill,83,1,11,0,0,0,11,0,0,0
Hamza Dar,1,1,22,0,0,0,11,0,0,0
Hasheem Shahzad,2,1,32,0,0,0,8,0,0,0
RJ Hatchman,1,1,33,0,0,0,8.25,0,0,0
T Henderson,1,1,31,0,0,0,7.75,0,0,0
H Hiri,5,1,5,0,0,0,5,0,0,0
KC Hodsoll,1,1,8,0,0,0,8,0,0,0
MEK Hussey,38,1,5,0,0,0,5,0,0,0
EH Hutchinson,2,1,20,0,0,0,6.66,0,0,0
Ibrahim Khan,1,1,17,0,0,0,8.5,0,0,0
Ibrahim Nashath,3,2,48,0,0,0,12,0,0,0
Iftikhar Ahmed,6,1,7,0,0,0,7,0,0,0
Imran Khan,4,1,13,0,0,0,6.5,0,0,0
B Ivanov,3,1,36,0,0,0,18,0,0,0
Jagjit Singh,4,1,10,0,0,0,10,0,0,0
NA Janes,2,1,12,0,0,0,12,0,0,0
T Jamtsho,2,2,48,0,0,0,11.52,0,0,0
Jatinder Singh,25,1,17,0,0,0,8.5,0,0,0
Javed Maroofkhail,2,1,22,0,0,0,11,0,0,0
DPMD Jayawardene,55,1,8,0,0,0,8,0,0,0
P Jayeshbhai Patel,2,1,21,0,0,0,10.5,0,0,0
Jay Odedra,3,3,74,0,0,0,10.57,0,0,0
NG Jones,5,2,14,0,0,0,7,0,0,0
Kamran Khan,14,2,48,0,0,0,11.52,0,0,0
TP Kamungozi,1,1,17,0,0,0,8.5,0,0,0
G Kansonkho,6,1,15,0,0,0,15,0,0,0
S Kansoy,4,1,14,0,0,0,14,0,0,0
M Kartik,1,1,27,0,0,0,6.75,0,0,0
Karweng NG,4,3,81,0,0,0,9,0,0,0
JM Kemp,8,1,5,0,0,0,5,0,0,0
GE Kidd,1,1,32,0,0,0,10.66,0,0,0
RJ Kirtley,1,1,17,0,0,0,17,0,0,0
GJP Kruger,1,1,29,0,0,0,7.25,0,0,0
JS Kundi,6,2,15,0,0,0,7.5,0,0,0
Kushal Malla,3,2,38,0,0,0,9.5,0,0,0
A Lagos,1,1,13,0,0,0,6.5,0,0,0
RDM Leverock,2,2,27,0,0,0,5.4,0,0,0
RN Lewis,1,1,9,0,0,0,9,0,0,0
I Lisboa,1,1,17,0,0,0,8.5,0,0,0
AM McCarthy,1,1,12,0,0,0,6,0,0,0
LD Madushanka,2,1,36,0,0,0,9,0,0,0
Mahedi Hasan,1,1,25,0,0,0,12.5,0,0,0
C Mahoney,3,1,10,0,0,0,10,0,0,0
BF Mailata,4,2,24,0,0,0,12,0,0,0
D Manani,2,2,27,0,0,0,6.75,0,0,0
M Markande,1,1,31,0,0,0,7.75,0,0,0
D Marks,2,2,54,0,0,0,7.71,0,0,0
S Matsikenyeri,10,3,23,0,0,0,8.62,0,0,0
GJ McCarter,3,2,50,0,0,0,10,0,0,0
A Mehmood,2,1,12,0,0,0,12,0,0,0
Mehrab Hossain jnr,2,1,20,0,0,0,7.05,0,0,0
D Mejia,3,2,23,0,0,0,5.75,0,0,0
PHKD Mendis,4,3,48,0,0,0,9.6,0,0,0
KO Meth,2,2,64,0,0,0,9.14,0,0,0
AJ Michael,4,1,18,0,0,0,9,0,0,0
Mihusan Hamid,1,1,29,0,0,0,9.66,0,0,0
Mohamed Arief,5,2,19,0,0,0,9.5,0,0,0
Mohammad Tauqir,3,3,55,0,0,0,7.85,0,0,0
JN Mohammed,9,2,13,0,0,0,6.5,0,0,0
Mohammed Asghar,4,2,28,0,0,0,7,0,0,0
Mohammed Qasim,3,1,8,0,0,0,8,0,0,0
HJC Mol,4,1,12,0,0,0,8,0,0,0
Mominul Haque,6,2,32,0,0,0,10.66,0,0,0
JWN Moses,3,2,46,0,0,0,5.75,0,0,0
Muhammad Asjed,2,1,9,0,0,0,9,0,0,0
Muhammad Musa,1,1,39,0,0,0,10.17,0,0,0
Muhammad Naeem,5,1,13,0,0,0,13,0,0,0
Muhammed Shanil,1,1,49,0,0,0,12.25,0,0,0
RG Mukasa,4,2,40,0,0,0,5.71,0,0,0
Muktar Ali,1,1,17,0,0,0,8.5,0,0,0
FF Mulivai,4,1,6,0,0,0,36,0,0,0
T Munyonga,5,1,3,0,0,0,3,0,0,0
Musawar Shah,2,2,32,0,0,0,10.66,0,0,0
S Nadigotla,2,1,10,0,0,0,5,0,0,0
Nanda Kumar,3,1,10,0,0,0,10,0,0,0
M Nandela,2,1,13,0,0,0,13,0,0,0
N Nankov,3,1,15,0,0,0,15,0,0,0
A Nao,2,2,49,0,0,0,9.8,0,0,0
Nasir Aziz,1,1,21,0,0,0,5.25,0,0,0
A Natubhai Ahir,3,3,49,0,0,0,8.16,0,0,0
Nawaf Ahmed,1,1,16,0,0,0,8,0,0,0
R Nehonde,7,5,113,0,0,0,8.69,0,0,0
S Nerandzic,2,1,26,0,0,0,13,0,0,0
K Nestor,4,2,54,0,0,0,8.52,0,0,0
A Nortje,1,1,27,0,0,0,9,0,0,0
J Nyumbu,2,2,76,0,0,0,12.66,0,0,0
R Olipa,2,1,8,0,0,0,8,0,0,0
Omar Hayat,2,1,11,0,0,0,11,0,0,0
A Orfila,1,1,7,0,0,0,7,0,0,0
A Patel,2,1,19,0,0,0,19,0,0,0
C Pengkumta,4,4,58,0,0,0,8.28,0,0,0
AK Perera,6,1,17,0,0,0,17,0,0,0
PDRL Perera,2,2,77,0,0,0,11,0,0,0
T Perera,6,2,37,0,0,0,12.33,0,0,0
S Periyalwar,4,1,4,0,0,0,24,0,0,0
V Permaul,1,1,8,0,0,0,16,0,0,0
OL Pitcher,3,1,7,0,0,0,7,0,0,0
C Prasad,3,1,12,0,0,0,6,0,0,0
KTGD Prasad,1,1,37,0,0,0,12.33,0,0,0
EC Rainsford,2,2,67,0,0,0,11.16,0,0,0
Rashid Khan,1,1,19,0,0,0,4.75,0,0,0
Robiul Islam,1,1,13,0,0,0,13,0,0,0
R Rohan,10,1,7,0,0,0,7,0,0,0
GR Russ,3,2,52,0,0,0,17.33,0,0,0
SE Rutherford,3,1,28,0,0,0,9.33,0,0,0
Saad Nasim,3,1,12,0,0,0,12,0,0,0
Sajedul Islam,1,1,15,0,0,0,15,0,0,0
Sakib Hasan,2,1,13,0,0,0,13,0,0,0
Saqlain Arshad,2,1,12,0,0,0,12,0,0,0
Saqlain Sajib,1,1,40,0,0,0,11.42,0,0,0
M Sarenac,2,1,12,0,0,0,12,0,0,0
V Sehwag,19,1,20,0,0,0,20,0,0,0
K Senamontree,2,2,29,0,0,0,14.5,0,0,0
YSD Seneveratne,6,2,22,0,0,0,11,0,0,0
Shabbir Ahmed,1,1,19,0,0,0,9.5,0,0,0
JNK Shannon,8,1,11,0,0,0,11,0,0,0
Shoaib Gazi Hossain,4,1,23,0,0,0,11.5,0,0,0
P Silas,4,1,21,0,0,0,21,0,0,0
KRP Silva,2,1,19,0,0,0,9.5,0,0,0
M Simmons,2,1,21,0,0,0,9.69,0,0,0
GC Smith,33,3,57,0,0,0,14.25,0,0,0
RAJ Smith,2,2,66,0,0,0,9.65,0,0,0
JN Snape,1,1,12,0,0,0,12,0,0,0
Sohaib Maqsood,20,1,12,0,0,0,12,0,0,0
Soheel Hussain,1,1,7,0,0,0,7,0,0,0
Sohrawordi Shuvo,1,1,12,0,0,0,12,0,0,0
S Sola,4,1,9,0,0,0,9,0,0,0
S Soosiyakumar,1,1,16,0,0,0,8,0,0,0
TJ Stephenson,1,1,11,0,0,0,11,0,0,0
Suresh Kumar,2,2,35,0,0,0,8.75,0,0,0
T Taibu,17,2,41,0,0,0,10.25,0,0,0
Tarun Sharma,8,1,14,0,0,0,14,0,0,0
J Thinley,2,2,25,0,0,0,8.33,0,0,0
S Tobgay,2,1,50,0,0,0,12.5,0,0,0
T Tshose,2,1,12,0,0,0,6,0,0,0
TE Tucker,1,1,5,0,0,0,2.5,0,0,0
S Tyagi,1,1,21,0,0,0,10.5,0,0,0
HER Tyler,2,2,48,0,0,0,8,0,0,0
E Ul Haq,5,1,4,0,0,0,24,0,0,0
R Ulutuna,4,1,11,0,0,0,11,0,0,0
S Vesawkar,17,1,25,0,0,0,8.33,0,0,0
JK Vifah,3,1,8,0,0,0,6.85,0,0,0
M Vijay,9,1,9,0,0,0,4.5,0,0,0
V Vijh,4,3,72,0,0,0,9.19,0,0,0
Vimal Kumar,2,1,32,0,0,0,10.66,0,0,0
MN Waller,32,3,42,0,0,0,8.4,0,0,0
Waqas Ali,2,1,9,0,0,0,9,0,0,0
Waqas Khan,8,1,12,0,0,0,12,0,0,0
Waqas Raja,1,1,9,0,0,0,9,0,0,0
Wasim Ali,1,1,16,0,0,0,8,0,0,0
JW Wilson,1,1,43,0,0,0,10.75,0,0,0
Yasir Shah,2,2,39,0,0,0,9.75,0,0,0
N Yordanov,2,1,20,0,0,0,6.66,0,0,0
Zeeshan Abbas,1,1,20,0,0,0,5,0,0,0